{
  "method": "knn",
  "subset": "multi-complete",
  "data_dir": "dataset",
  "out_dir": "results/models/multi-complete/knn",
  "seed": 0,
  "dtype": "float64",
  "device": "auto",
  "CV_sweep": {
    "n_folds": 5,
    "k": [
      1,
      2,
      3,
      5,
      10
    ],
    "gcm_penalty": [
      0.0,
      0.3,
      1.0,
      3.0,
      10.0
    ],
    "objective": "equal_group_normalized_rmse",
    "scores": {
      "0.0": {
        "1": 0.3260080985724926,
        "2": 0.2876511786133051,
        "3": 0.2803789019584656,
        "5": 0.28644952587783334,
        "10": 0.3039636332541704
      },
      "0.3": {
        "1": 0.31284340657293797,
        "2": 0.27596822790801523,
        "3": 0.2712471529841423,
        "5": 0.27923046089708803,
        "10": 0.30008617863059045
      },
      "1.0": {
        "1": 0.2966858260333538,
        "2": 0.2584399115294218,
        "3": 0.25289609991014006,
        "5": 0.26387331634759903,
        "10": 0.285968179628253
      },
      "3.0": {
        "1": 0.2966923344880342,
        "2": 0.2571231734007597,
        "3": 0.2518290143460035,
        "5": 0.26163152866065503,
        "10": 0.2812688212841749
      },
      "10.0": {
        "1": 0.2970251966267824,
        "2": 0.2573361400514841,
        "3": 0.25185755975544455,
        "5": 0.26146925799548626,
        "10": 0.2811701700091362
      }
    }
  },
  "best": {
    "k": 3,
    "gcm_penalty": 3.0,
    "cv_equal_group_normalized_rmse": 0.2518290143460035
  }
}
