{
  "subset": "multi-complete",
  "protocol": "shared_planets",
  "n_test": 58,
  "n_samples": 1,
  "rmse": {
    "per_field": {
      "surface_temperature": 24.28827476501465,
      "temperature_0": 18.02802085876465,
      "temperature_1": 17.41025733947754,
      "temperature_2": 16.884902954101562,
      "temperature_3": 16.932941436767578,
      "temperature_4": 17.27690315246582,
      "temperature_5": 18.428178787231445,
      "temperature_6": 20.253999710083008,
      "temperature_7": 22.951824188232422,
      "temperature_8": 24.002103805541992,
      "specific_humidity_0_dex": 0.6044158339500427,
      "specific_humidity_1_dex": 0.6132513284683228,
      "specific_humidity_2_dex": 0.665799617767334,
      "specific_humidity_3_dex": 0.75318843126297,
      "specific_humidity_4_dex": 0.8557285666465759,
      "specific_humidity_5_dex": 1.0146952867507935,
      "specific_humidity_6_dex": 1.1727269887924194,
      "specific_humidity_7_dex": 1.2686203718185425,
      "specific_humidity_8_dex": 1.3581891059875488,
      "asr": 37.99563980102539,
      "olr": 29.624378204345703,
      "cloud_fraction_0": 0.13095884025096893,
      "cloud_fraction_1": 0.11846955865621567,
      "cloud_fraction_2": 0.09308706969022751,
      "cloud_fraction_3": 0.07690774649381638,
      "cloud_fraction_4": 0.06532471626996994,
      "cloud_fraction_5": 0.06545224040746689,
      "cloud_fraction_6": 0.05637266859412193,
      "cloud_fraction_7": 0.0470195971429348,
      "cloud_fraction_8": 0.027688119560480118,
      "u_0": 3.907927989959717,
      "u_1": 4.826262950897217,
      "u_2": 6.907280921936035,
      "u_3": 9.300037384033203,
      "u_4": 11.761627197265625,
      "u_5": 13.496084213256836,
      "u_6": 14.900481224060059,
      "u_7": 15.562204360961914,
      "u_8": 17.22260093688965,
      "v_0": 2.695064067840576,
      "v_1": 3.253446578979492,
      "v_2": 4.3962082862854,
      "v_3": 5.441557884216309,
      "v_4": 6.065768241882324,
      "v_5": 6.380667686462402,
      "v_6": 6.5656962394714355,
      "v_7": 6.144930839538574,
      "v_8": 5.306039810180664
    },
    "per_variable": {
      "surface_temperature": 24.28827476501465,
      "temperature": 19.129903581407333,
      "specific_humidity_dex": 0.9229572812716166,
      "cloud_fraction": 0.07569783967402247,
      "u": 10.876056353251139,
      "v": 5.1388199594285755,
      "asr": 37.99563980102539,
      "olr": 29.624378204345703
    }
  },
  "acc": {
    "per_field": {
      "surface_temperature": 0.9718391299247742,
      "temperature_0": 0.9372060298919678,
      "temperature_1": 0.9222522974014282,
      "temperature_2": 0.8960109949111938,
      "temperature_3": 0.8328142762184143,
      "temperature_4": 0.573249876499176,
      "temperature_5": 0.19172421097755432,
      "temperature_6": 0.3349599540233612,
      "temperature_7": 0.38997775316238403,
      "temperature_8": 0.23583360016345978,
      "specific_humidity_0_dex": 0.9367420077323914,
      "specific_humidity_1_dex": 0.9148127436637878,
      "specific_humidity_2_dex": 0.8591408133506775,
      "specific_humidity_3_dex": 0.8263691663742065,
      "specific_humidity_4_dex": 0.8306060433387756,
      "specific_humidity_5_dex": 0.8614633679389954,
      "specific_humidity_6_dex": 0.8448601365089417,
      "specific_humidity_7_dex": 0.8169947862625122,
      "specific_humidity_8_dex": 0.4881959855556488,
      "asr": 0.9942751526832581,
      "olr": 0.7895357608795166,
      "cloud_fraction_0": 0.5080494284629822,
      "cloud_fraction_1": 0.5821489691734314,
      "cloud_fraction_2": 0.7289882302284241,
      "cloud_fraction_3": 0.7681125402450562,
      "cloud_fraction_4": 0.7796052098274231,
      "cloud_fraction_5": 0.7771134376525879,
      "cloud_fraction_6": 0.7550173997879028,
      "cloud_fraction_7": 0.6974307298660278,
      "cloud_fraction_8": 0.5099791884422302,
      "u_0": 0.8265324831008911,
      "u_1": 0.7927584648132324,
      "u_2": 0.7506298422813416,
      "u_3": 0.7405188083648682,
      "u_4": 0.733512818813324,
      "u_5": 0.7411426901817322,
      "u_6": 0.7258456945419312,
      "u_7": 0.657507598400116,
      "u_8": 0.5422638654708862,
      "v_0": 0.7339926362037659,
      "v_1": 0.7040108442306519,
      "v_2": 0.6891725063323975,
      "v_3": 0.7189476490020752,
      "v_4": 0.7477596998214722,
      "v_5": 0.7894559502601624,
      "v_6": 0.7680423259735107,
      "v_7": 0.6757392287254333,
      "v_8": 0.6395416259765625
    },
    "per_variable": {
      "surface_temperature": 0.9718391299247742,
      "temperature": 0.5904476659165488,
      "specific_humidity_dex": 0.8199094500806596,
      "cloud_fraction": 0.6784939037428962,
      "u": 0.7234124739964803,
      "v": 0.7185180518362257,
      "asr": 0.9942751526832581,
      "olr": 0.7895357608795166
    }
  },
  "relative_rmse": {
    "per_field": {
      "surface_temperature": 1.8348214626312256,
      "temperature_0": 1.752544641494751,
      "temperature_1": 1.7892760038375854,
      "temperature_2": 1.851495385169983,
      "temperature_3": 2.276186466217041,
      "temperature_4": 2.4195332527160645,
      "temperature_5": 2.236170768737793,
      "temperature_6": 2.393777847290039,
      "temperature_7": 2.8883800506591797,
      "temperature_8": 4.008753776550293,
      "specific_humidity_0_dex": 1.4629390239715576,
      "specific_humidity_1_dex": 1.368802785873413,
      "specific_humidity_2_dex": 1.3163666725158691,
      "specific_humidity_3_dex": 1.3554880619049072,
      "specific_humidity_4_dex": 1.4122815132141113,
      "specific_humidity_5_dex": 1.5270541906356812,
      "specific_humidity_6_dex": 1.797094464302063,
      "specific_humidity_7_dex": 1.7312480211257935,
      "specific_humidity_8_dex": 3.7825591564178467,
      "asr": 0.8021823763847351,
      "olr": 1.0023070573806763,
      "cloud_fraction_0": 0.4035266637802124,
      "cloud_fraction_1": 0.4698195159435272,
      "cloud_fraction_2": 0.5744958519935608,
      "cloud_fraction_3": 0.5983997583389282,
      "cloud_fraction_4": 0.6563440561294556,
      "cloud_fraction_5": 0.5649217963218689,
      "cloud_fraction_6": 2.112175941467285,
      "cloud_fraction_7": 12.02575397491455,
      "cloud_fraction_8": 34.14094543457031,
      "u_0": 0.954255223274231,
      "u_1": 1.0194615125656128,
      "u_2": 1.162868857383728,
      "u_3": 1.12514328956604,
      "u_4": 1.0634456872940063,
      "u_5": 0.9787234663963318,
      "u_6": 0.9373265504837036,
      "u_7": 0.9737797379493713,
      "u_8": 1.6408320665359497,
      "v_0": 0.9419952034950256,
      "v_1": 0.981566846370697,
      "v_2": 0.9727263450622559,
      "v_3": 0.9456658363342285,
      "v_4": 0.8999437689781189,
      "v_5": 0.9388171434402466,
      "v_6": 1.0308533906936646,
      "v_7": 1.1209040880203247,
      "v_8": 1.5479614734649658
    },
    "per_variable": {
      "surface_temperature": 1.8348218202590942,
      "temperature": 1.749018907546997,
      "specific_humidity_dex": 1.4609626531600952,
      "cloud_fraction": 0.4353974759578705,
      "u": 0.9763988256454468,
      "v": 0.9120669960975647,
      "asr": 0.8021823763847351,
      "olr": 1.0023070573806763
    }
  },
  "relative_acc": {
    "per_field": {
      "surface_temperature": 1.0524619817733765,
      "temperature_0": 1.1926294565200806,
      "temperature_1": 1.2485295534133911,
      "temperature_2": 1.3063467741012573,
      "temperature_3": 1.4491897821426392,
      "temperature_4": 1.4206072092056274,
      "temperature_5": 0.28016287088394165,
      "temperature_6": 0.7528768181800842,
      "temperature_7": 0.7030002474784851,
      "temperature_8": 0.6414910554885864,
      "specific_humidity_0_dex": 1.1471446752548218,
      "specific_humidity_1_dex": 1.1783384084701538,
      "specific_humidity_2_dex": 1.2956570386886597,
      "specific_humidity_3_dex": 1.6683262586593628,
      "specific_humidity_4_dex": 1.4851977825164795,
      "specific_humidity_5_dex": 1.1798349618911743,