{
  "subset": "multi-complete",
  "protocol": "standard",
  "n_test": 90,
  "n_samples": 1,
  "rmse": {
    "per_field": {
      "surface_temperature": 23.174877166748047,
      "temperature_0": 17.187440872192383,
      "temperature_1": 16.662517547607422,
      "temperature_2": 16.230497360229492,
      "temperature_3": 16.285743713378906,
      "temperature_4": 16.656272888183594,
      "temperature_5": 18.00069236755371,
      "temperature_6": 19.530027389526367,
      "temperature_7": 22.291292190551758,
      "temperature_8": 23.222064971923828,
      "specific_humidity_0_dex": 0.6221994161605835,
      "specific_humidity_1_dex": 0.6277367472648621,
      "specific_humidity_2_dex": 0.6637848019599915,
      "specific_humidity_3_dex": 0.7333385944366455,
      "specific_humidity_4_dex": 0.8285784125328064,
      "specific_humidity_5_dex": 0.9692951440811157,
      "specific_humidity_6_dex": 1.1019803285598755,
      "specific_humidity_7_dex": 1.1851145029067993,
      "specific_humidity_8_dex": 1.218828558921814,
      "asr": 32.825714111328125,
      "olr": 26.322330474853516,
      "cloud_fraction_0": 0.12407325953245163,
      "cloud_fraction_1": 0.11255074292421341,
      "cloud_fraction_2": 0.08946133404970169,
      "cloud_fraction_3": 0.07197096943855286,
      "cloud_fraction_4": 0.06273531168699265,
      "cloud_fraction_5": 0.06490922719240189,
      "cloud_fraction_6": 0.0554480142891407,
      "cloud_fraction_7": 0.04599626362323761,
      "cloud_fraction_8": 0.026078488677740097,
      "u_0": 3.682100534439087,
      "u_1": 4.506362438201904,
      "u_2": 6.388967037200928,
      "u_3": 8.656386375427246,
      "u_4": 10.890134811401367,
      "u_5": 12.785381317138672,
      "u_6": 14.424323081970215,
      "u_7": 15.765881538391113,
      "u_8": 17.50286293029785,
      "v_0": 2.448169469833374,
      "v_1": 2.984243869781494,
      "v_2": 4.067773342132568,
      "v_3": 5.093975067138672,
      "v_4": 5.684292316436768,
      "v_5": 6.086305141448975,
      "v_6": 6.235709190368652,
      "v_7": 5.863947868347168,
      "v_8": 5.0293378829956055
    },
    "per_variable": {
      "surface_temperature": 23.174877166748047,
      "temperature": 18.451838811238606,
      "specific_humidity_dex": 0.8834285007582771,
      "cloud_fraction": 0.07258040126827028,
      "u": 10.511377784940931,
      "v": 4.832639349831475,
      "asr": 32.825714111328125,
      "olr": 26.322330474853516
    }
  },
  "acc": {
    "per_field": {
      "surface_temperature": 0.970242977142334,
      "temperature_0": 0.9222260117530823,
      "temperature_1": 0.9078295230865479,
      "temperature_2": 0.8812934160232544,
      "temperature_3": 0.8179723024368286,
      "temperature_4": 0.5704460740089417,
      "temperature_5": 0.284610390663147,
      "temperature_6": 0.41429874300956726,
      "temperature_7": 0.39997392892837524,
      "temperature_8": 0.29969918727874756,
      "specific_humidity_0_dex": 0.9250184893608093,
      "specific_humidity_1_dex": 0.9043275713920593,
      "specific_humidity_2_dex": 0.8591479063034058,
      "specific_humidity_3_dex": 0.8349701762199402,
      "specific_humidity_4_dex": 0.8488497138023376,
      "specific_humidity_5_dex": 0.8713454604148865,
      "specific_humidity_6_dex": 0.8543033003807068,
      "specific_humidity_7_dex": 0.8017657995223999,
      "specific_humidity_8_dex": 0.5088397860527039,
      "asr": 0.9948429465293884,
      "olr": 0.7940830588340759,
      "cloud_fraction_0": 0.5627455115318298,
      "cloud_fraction_1": 0.6181727051734924,
      "cloud_fraction_2": 0.7355557084083557,
      "cloud_fraction_3": 0.7691841721534729,
      "cloud_fraction_4": 0.7536531090736389,
      "cloud_fraction_5": 0.7544692754745483,
      "cloud_fraction_6": 0.7325477600097656,
      "cloud_fraction_7": 0.6687999963760376,
      "cloud_fraction_8": 0.4951404631137848,
      "u_0": 0.8129518032073975,
      "u_1": 0.7671773433685303,
      "u_2": 0.7221558690071106,
      "u_3": 0.7243082523345947,
      "u_4": 0.7257026433944702,
      "u_5": 0.7298409342765808,
      "u_6": 0.7024325728416443,
      "u_7": 0.6343351006507874,
      "u_8": 0.5230518579483032,
      "v_0": 0.749163031578064,
      "v_1": 0.7090718746185303,
      "v_2": 0.67094486951828,
      "v_3": 0.6956487894058228,
      "v_4": 0.7233344316482544,
      "v_5": 0.7512044310569763,
      "v_6": 0.7170815467834473,
      "v_7": 0.6451770663261414,
      "v_8": 0.6192929744720459
    },
    "per_variable": {
      "surface_temperature": 0.970242977142334,
      "temperature": 0.6109277307987213,
      "specific_humidity_dex": 0.8231742448276944,
      "cloud_fraction": 0.6766965223683251,
      "u": 0.7046618196699355,
      "v": 0.6978798906008402,
      "asr": 0.9948429465293884,
      "olr": 0.7940830588340759
    }
  }
}
