method,surface_temperature,temperature,specific_humidity_dex,cloud_fraction,u,v,asr,olr
gplfr,8.705083847045898,6.993387487199572,0.3651084353526433,0.03937856273518668,6.859452909893459,3.2526383135053845,21.604759216308594,13.69597339630127
ppca_icm,9.407302856445312,7.934611214531793,0.3838161594337887,0.05144698586728838,8.198157548904419,3.999481783972846,29.31191635131836,16.183263778686523
