{
  "subset": "multi-complete",
  "protocol": "shared_planets",
  "n_test": 58,
  "n_samples": 64,
  "rmse": {
    "per_field": {
      "surface_temperature": 13.73122787475586,
      "temperature_0": 11.707731246948242,
      "temperature_1": 11.503615379333496,
      "temperature_2": 11.167930603027344,
      "temperature_3": 11.087851524353027,
      "temperature_4": 10.814645767211914,
      "temperature_5": 10.47402286529541,
      "temperature_6": 9.876839637756348,
      "temperature_7": 10.843120574951172,
      "temperature_8": 13.492656707763672,
      "specific_humidity_0_dex": 0.3986511528491974,
      "specific_humidity_1_dex": 0.4016135334968567,
      "specific_humidity_2_dex": 0.4266418218612671,
      "specific_humidity_3_dex": 0.4748237133026123,
      "specific_humidity_4_dex": 0.5390946865081787,
      "specific_humidity_5_dex": 0.6426680088043213,
      "specific_humidity_6_dex": 0.6993857622146606,
      "specific_humidity_7_dex": 0.7075562477111816,
      "specific_humidity_8_dex": 0.7852104902267456,
      "asr": 43.175376892089844,
      "olr": 23.746726989746094,
      "cloud_fraction_0": 0.1080494150519371,
      "cloud_fraction_1": 0.09355717897415161,
      "cloud_fraction_2": 0.07565648853778839,
      "cloud_fraction_3": 0.05804529786109924,
      "cloud_fraction_4": 0.0527954138815403,
      "cloud_fraction_5": 0.05655606463551521,
      "cloud_fraction_6": 0.05687425285577774,
      "cloud_fraction_7": 0.04906962811946869,
      "cloud_fraction_8": 0.0242850910872221,
      "u_0": 3.4544389247894287,
      "u_1": 4.197751045227051,
      "u_2": 5.975240707397461,
      "u_3": 8.369702339172363,
      "u_4": 10.894015312194824,
      "u_5": 12.446328163146973,
      "u_6": 13.570764541625977,
      "u_7": 13.661378860473633,
      "u_8": 15.88336181640625,
      "v_0": 2.3803539276123047,
      "v_1": 2.8855412006378174,
      "v_2": 4.012590408325195,
      "v_3": 5.0826640129089355,
      "v_4": 5.822145462036133,
      "v_5": 6.350657939910889,
      "v_6": 6.772376537322998,
      "v_7": 6.319388389587402,
      "v_8": 5.1776509284973145
    },
    "per_variable": {
      "surface_temperature": 13.73122787475586,
      "temperature": 11.218712700737846,
      "specific_humidity_dex": 0.5639606018861135,
      "cloud_fraction": 0.06387653677827781,
      "u": 9.828109078937107,
      "v": 4.978152089648777,
      "asr": 43.175376892089844,
      "olr": 23.746726989746094
    }
  },
  "acc": {
    "per_field": {
      "surface_temperature": 0.9767318367958069,
      "temperature_0": 0.9390233755111694,
      "temperature_1": 0.9235429167747498,
      "temperature_2": 0.8716311454772949,
      "temperature_3": 0.7780613899230957,
      "temperature_4": 0.5661534070968628,
      "temperature_5": 0.3922206163406372,
      "temperature_6": 0.4212740659713745,
      "temperature_7": 0.5672284364700317,
      "temperature_8": 0.3589944541454315,
      "specific_humidity_0_dex": 0.9505437612533569,
      "specific_humidity_1_dex": 0.9357948303222656,
      "specific_humidity_2_dex": 0.8951979279518127,
      "specific_humidity_3_dex": 0.8619225025177002,
      "specific_humidity_4_dex": 0.8499263525009155,
      "specific_humidity_5_dex": 0.8714542984962463,
      "specific_humidity_6_dex": 0.8644118905067444,
      "specific_humidity_7_dex": 0.8039225339889526,
      "specific_humidity_8_dex": 0.4695762097835541,
      "asr": 0.9949349761009216,
      "olr": 0.8394532203674316,
      "cloud_fraction_0": 0.6018925309181213,
      "cloud_fraction_1": 0.6673944592475891,
      "cloud_fraction_2": 0.694930911064148,
      "cloud_fraction_3": 0.7466293573379517,
      "cloud_fraction_4": 0.7596955299377441,
      "cloud_fraction_5": 0.7617787718772888,
      "cloud_fraction_6": 0.747351884841919,
      "cloud_fraction_7": 0.7082646489143372,
      "cloud_fraction_8": 0.4752645790576935,
      "u_0": 0.8408704996109009,
      "u_1": 0.8022832274436951,
      "u_2": 0.76542729139328,
      "u_3": 0.7396520972251892,
      "u_4": 0.7117361426353455,
      "u_5": 0.7020647525787354,
      "u_6": 0.6954591274261475,
      "u_7": 0.6325028538703918,
      "u_8": 0.5702502727508545,
      "v_0": 0.7659957408905029,
      "v_1": 0.7395791411399841,
      "v_2": 0.7181865572929382,
      "v_3": 0.7462944388389587,
      "v_4": 0.7767041325569153,
      "v_5": 0.8176736235618591,
      "v_6": 0.7629494071006775,
      "v_7": 0.6308711767196655,
      "v_8": 0.42289990186691284
    },
    "per_variable": {
      "surface_temperature": 0.9767318367958069,
      "temperature": 0.6464588675234053,
      "specific_humidity_dex": 0.8336389230357276,
      "cloud_fraction": 0.6848002970218658,
      "u": 0.7178051405482822,
      "v": 0.7090171244409349,
      "asr": 0.9949349761009216,
      "olr": 0.8394532203674316
    }
  },
  "energy_score": {
    "per_field": {
      "surface_temperature": 10.632755279541016,
      "temperature_0": 9.224386215209961,
      "temperature_1": 9.046399116516113,
      "temperature_2": 8.754964828491211,
      "temperature_3": 8.703454971313477,
      "temperature_4": 8.480928421020508,
      "temperature_5": 8.318260192871094,
      "temperature_6": 7.8793535232543945,
      "temperature_7": 8.240442276000977,
      "temperature_8": 10.680632591247559,
      "specific_humidity_0": 0.30414554476737976,
      "specific_humidity_1": 0.30735811591148376,
      "specific_humidity_2": 0.3264985978603363,
      "specific_humidity_3": 0.3659176230430603,
      "specific_humidity_4": 0.42016780376434326,
      "specific_humidity_5": 0.5067291259765625,
      "specific_humidity_6": 0.5475679636001587,
      "specific_humidity_7": 0.5565468072891235,
      "specific_humidity_8": 0.6072616577148438,
      "asr": 34.44672775268555,
      "olr": 19.22640037536621,
      "cloud_fraction_0": 0.08860800415277481,
      "cloud_fraction_1": 0.07724389433860779,
      "cloud_fraction_2": 0.06292078644037247,
      "cloud_fraction_3": 0.04748225584626198,
      "cloud_fraction_4": 0.04293200001120567,
      "cloud_fraction_5": 0.04681224748492241,
      "cloud_fraction_6": 0.04742667078971863,
      "cloud_fraction_7": 0.040621399879455566,
      "cloud_fraction_8": 0.02042483538389206,
      "u_0": 2.8911972045898438,
      "u_1": 3.5591766834259033,
      "u_2": 5.122292995452881,
      "u_3": 7.267317295074463,
      "u_4": 9.479107856750488,
      "u_5": 10.778048515319824,
      "u_6": 11.669103622436523,
      "u_7": 11.61781120300293,
      "u_8": 13.632352828979492,
      "v_0": 1.9876024723052979,
      "v_1": 2.450387954711914,
      "v_2": 3.4521126747131348,
      "v_3": 4.381331443786621,
      "v_4": 4.99561882019043,
      "v_5": 5.428313732147217,
      "v_6": 5.735321044921875,
      "v_7": 5.295861721038818,
      "v_8": 4.252459526062012
    },
    "per_variable": {
      "surface_temperature": 10.632755279541016,
      "temperature": 8.814313570658365,
      "specific_humidity_dex": 0.4380214711030324,
      "cloud_fraction": 0.052719121591912374,
      "u": 8.446267578336927,
      "v": 4.219889932208591,
      "asr": 34.44672775268555,
      "olr": 19.22640037536621
    }
  },
  "spread_skill_ratio": {
    "per_field": {
      "surface_temperature": 0.5346888899803162,
      "temperature_0": 0.480379581451416,
      "temperature_1": 0.48365750908851624,
      "temperature_2": 0.4976455867290497,
      "temperature_3": 0.5045530796051025,
      "temperature_4": 0.5293542742729187,
      "temperature_5": 0.5385023355484009,
      "temperature_6": 0.577289342880249,
      "temperature_7": 0.5749031901359558,
      "temperature_8": 0.4690931439399719,
      "specific_humidity_0": 0.5954577922821045,
      "specific_humidity_1": 0.5900453925132751,
      "specific_humidity_2": 0.5812305808067322,
      "specific_humidity_3": 0.5625889301300049,
      "specific_humidity_4": 0.5244871973991394,
      "specific_humidity_5": 0.49850499629974365,
      "specific_humidity_6": 0.4941408634185791,