{
  "subset": "multi-complete",
  "protocol": "standard",
  "n_test": 90,
  "n_samples": 64,
  "rmse": {
    "per_field": {
      "surface_temperature": 12.050851821899414,
      "temperature_0": 10.263076782226562,
      "temperature_1": 9.99415111541748,
      "temperature_2": 9.59372615814209,
      "temperature_3": 9.299908638000488,
      "temperature_4": 9.044816017150879,
      "temperature_5": 8.740350723266602,
      "temperature_6": 8.555634498596191,
      "temperature_7": 10.76927661895752,
      "temperature_8": 13.757683753967285,
      "specific_humidity_0_dex": 0.3590746521949768,
      "specific_humidity_1_dex": 0.35860946774482727,
      "specific_humidity_2_dex": 0.37528854608535767,
      "specific_humidity_3_dex": 0.4161205291748047,
      "specific_humidity_4_dex": 0.46004897356033325,
      "specific_humidity_5_dex": 0.535133421421051,
      "specific_humidity_6_dex": 0.5853608250617981,
      "specific_humidity_7_dex": 0.6230971217155457,
      "specific_humidity_8_dex": 0.7361741065979004,
      "asr": 37.018089294433594,
      "olr": 20.30730438232422,
      "cloud_fraction_0": 0.1036306619644165,
      "cloud_fraction_1": 0.09146454930305481,
      "cloud_fraction_2": 0.07619361579418182,
      "cloud_fraction_3": 0.05923355370759964,
      "cloud_fraction_4": 0.05375213548541069,
      "cloud_fraction_5": 0.05824584513902664,
      "cloud_fraction_6": 0.053088631480932236,
      "cloud_fraction_7": 0.045800093561410904,
      "cloud_fraction_8": 0.023465309292078018,
      "u_0": 3.343447208404541,
      "u_1": 4.03775691986084,
      "u_2": 5.705864906311035,
      "u_3": 7.89616584777832,
      "u_4": 9.96992015838623,
      "u_5": 11.514179229736328,
      "u_6": 12.927567481994629,
      "u_7": 13.762537956237793,
      "u_8": 16.38168716430664,
      "v_0": 2.28212308883667,
      "v_1": 2.7825238704681396,
      "v_2": 3.8888981342315674,
      "v_3": 4.9436750411987305,
      "v_4": 5.552648067474365,
      "v_5": 5.989285469055176,
      "v_6": 6.210738658905029,
      "v_7": 5.829566955566406,
      "v_8": 4.904576301574707
    },
    "per_variable": {
      "surface_temperature": 12.050851821899414,
      "temperature": 10.002069367302788,
      "specific_humidity_dex": 0.4943230715062883,
      "cloud_fraction": 0.06276382174756792,
      "u": 9.504347430335152,
      "v": 4.709337287478977,
      "asr": 37.018089294433594,
      "olr": 20.30730438232422
    }
  },
  "acc": {
    "per_field": {
      "surface_temperature": 0.9734414219856262,
      "temperature_0": 0.9160308241844177,
      "temperature_1": 0.8984939455986023,
      "temperature_2": 0.8421464562416077,
      "temperature_3": 0.7680947780609131,
      "temperature_4": 0.580436646938324,
      "temperature_5": 0.4543384611606598,
      "temperature_6": 0.500486433506012,
      "temperature_7": 0.5345516800880432,
      "temperature_8": 0.36942359805107117,
      "specific_humidity_0_dex": 0.9333820939064026,
      "specific_humidity_1_dex": 0.9195801615715027,
      "specific_humidity_2_dex": 0.8888875246047974,
      "specific_humidity_3_dex": 0.8648226261138916,
      "specific_humidity_4_dex": 0.8583954572677612,
      "specific_humidity_5_dex": 0.8698164224624634,
      "specific_humidity_6_dex": 0.8665496706962585,
      "specific_humidity_7_dex": 0.7961663007736206,
      "specific_humidity_8_dex": 0.5133938193321228,
      "asr": 0.9953367710113525,
      "olr": 0.840946614742279,
      "cloud_fraction_0": 0.6406015753746033,
      "cloud_fraction_1": 0.6888739466667175,
      "cloud_fraction_2": 0.7180948853492737,
      "cloud_fraction_3": 0.7570897340774536,
      "cloud_fraction_4": 0.7438605427742004,
      "cloud_fraction_5": 0.7387609481811523,
      "cloud_fraction_6": 0.7214958071708679,
      "cloud_fraction_7": 0.6591135859489441,
      "cloud_fraction_8": 0.4629811644554138,
      "u_0": 0.8233811855316162,
      "u_1": 0.7749210596084595,
      "u_2": 0.7140077352523804,
      "u_3": 0.7060010433197021,
      "u_4": 0.7175694108009338,
      "u_5": 0.709650993347168,
      "u_6": 0.6813541650772095,
      "u_7": 0.6376623511314392,
      "u_8": 0.5363661646842957,
      "v_0": 0.7563663125038147,
      "v_1": 0.7244973182678223,
      "v_2": 0.6693671941757202,
      "v_3": 0.6819794178009033,
      "v_4": 0.717567503452301,
      "v_5": 0.7543459534645081,
      "v_6": 0.7102195024490356,
      "v_7": 0.5725306272506714,
      "v_8": 0.42536988854408264
    },
    "per_variable": {
      "surface_temperature": 0.9734414219856262,
      "temperature": 0.6515558693144057,
      "specific_humidity_dex": 0.8345548974143134,
      "cloud_fraction": 0.6812080211109586,
      "u": 0.7001015676392449,
      "v": 0.6680270797676511,
      "asr": 0.9953367710113525,
      "olr": 0.840946614742279
    }
  },
  "energy_score": {
    "per_field": {
      "surface_temperature": 9.407302856445312,
      "temperature_0": 8.147086143493652,
      "temperature_1": 7.9101738929748535,
      "temperature_2": 7.530151844024658,
      "temperature_3": 7.3261847496032715,
      "temperature_4": 7.129997253417969,
      "temperature_5": 6.940750598907471,
      "temperature_6": 6.769852638244629,
      "temperature_7": 8.44100284576416,
      "temperature_8": 11.216300964355469,
      "specific_humidity_0": 0.2749878764152527,
      "specific_humidity_1": 0.27502429485321045,
      "specific_humidity_2": 0.28699901700019836,
      "specific_humidity_3": 0.31882187724113464,
      "specific_humidity_4": 0.3555174767971039,
      "specific_humidity_5": 0.41715410351753235,
      "specific_humidity_6": 0.46022212505340576,
      "specific_humidity_7": 0.49113455414772034,
      "specific_humidity_8": 0.57448410987854,
      "asr": 29.31191635131836,
      "olr": 16.183263778686523,
      "cloud_fraction_0": 0.083600714802742,
      "cloud_fraction_1": 0.074773408472538,
      "cloud_fraction_2": 0.06288199871778488,
      "cloud_fraction_3": 0.04856467619538307,
      "cloud_fraction_4": 0.04372880607843399,
      "cloud_fraction_5": 0.048100512474775314,
      "cloud_fraction_6": 0.04359576851129532,
      "cloud_fraction_7": 0.03783830627799034,
      "cloud_fraction_8": 0.01993868127465248,
      "u_0": 2.8112306594848633,
      "u_1": 3.4377787113189697,
      "u_2": 4.903290271759033,
      "u_3": 6.862057209014893,
      "u_4": 8.656258583068848,
      "u_5": 9.948442459106445,
      "u_6": 11.13186264038086,
      "u_7": 11.8179292678833,
      "u_8": 14.214568138122559,
      "v_0": 1.9138598442077637,
      "v_1": 2.374727964401245,
      "v_2": 3.3623578548431396,
      "v_3": 4.281221389770508,
      "v_4": 4.769368648529053,
      "v_5": 5.12282133102417,
      "v_6": 5.257881164550781,
      "v_7": 4.886111736297607,
      "v_8": 4.026986122131348
    },
    "per_variable": {
      "surface_temperature": 9.407302856445312,
      "temperature": 7.934611214531793,
      "specific_humidity_dex": 0.3838161594337887,
      "cloud_fraction": 0.05144698586728838,
      "u": 8.198157548904419,
      "v": 3.999481783972846,
      "asr": 29.31191635131836,
      "olr": 16.183263778686523
    }
  },
  "spread_skill_ratio": {
    "per_field": {
      "surface_temperature": 0.5480486154556274,
      "temperature_0": 0.49618780612945557,
      "temperature_1": 0.5041951537132263,
      "temperature_2": 0.5261857509613037,
      "temperature_3": 0.5420814752578735,
      "temperature_4": 0.5739470720291138,
      "temperature_5": 0.5933844447135925,
      "temperature_6": 0.6270748972892761,
      "temperature_7": 0.45873913168907166,
      "temperature_8": 0.34374356269836426,
      "specific_humidity_0": 0.5936009883880615,
      "specific_humidity_1": 0.5945196151733398,
      "specific_humidity_2": 0.6001641750335693,
      "specific_humidity_3": 0.597898542881012,
      "specific_humidity_4": 0.5808061957359314,
      "specific_humidity_5": 0.5647664070129395,
      "specific_humidity_6": 0.5464755892753601,