{
  "subset": "multi-partial",
  "protocol": "standard",
  "n_test": 100,
  "n_samples": 1,
  "rmse": {
    "per_field": {
      "surface_temperature": 25.25574493408203,
      "temperature_0": 19.30874252319336,
      "temperature_1": 18.023679733276367,
      "temperature_2": 17.10405731201172,
      "temperature_3": 17.074758529663086,
      "temperature_4": 17.434179306030273,
      "temperature_5": 19.060224533081055,
      "temperature_6": 21.436227798461914,
      "temperature_7": 26.04708480834961,
      "temperature_8": 28.0606689453125,
      "temperature_9": 29.074325561523438,
      "specific_humidity_0_dex": 0.7003704309463501,
      "specific_humidity_1_dex": 0.7088080644607544,
      "specific_humidity_2_dex": 0.7672653794288635,
      "specific_humidity_3_dex": 0.8620550036430359,
      "specific_humidity_4_dex": 0.9724892973899841,
      "specific_humidity_5_dex": 1.1355249881744385,
      "specific_humidity_6_dex": 1.3169878721237183,
      "specific_humidity_7_dex": 1.4750345945358276,
      "specific_humidity_8_dex": 1.5351405143737793,
      "specific_humidity_9_dex": 1.5272767543792725,
      "asr": 196.78746032714844,
      "olr": 40.900150299072266,
      "cloud_fraction_0": 0.2037293016910553,
      "cloud_fraction_1": 0.17176778614521027,
      "cloud_fraction_2": 0.126819908618927,
      "cloud_fraction_3": 0.1051015630364418,
      "cloud_fraction_4": 0.09635590761899948,
      "cloud_fraction_5": 0.09234510362148285,
      "cloud_fraction_6": 0.08030680567026138,
      "cloud_fraction_7": 0.056899767369031906,
      "cloud_fraction_8": 0.036394499242305756,
      "cloud_fraction_9": 0.012945289723575115,
      "u_0": 4.566961765289307,
      "u_1": 5.980433464050293,
      "u_2": 9.705595016479492,
      "u_3": 13.835334777832031,
      "u_4": 17.442363739013672,
      "u_5": 19.371580123901367,
      "u_6": 20.707609176635742,
      "u_7": 21.898916244506836,
      "u_8": 24.321380615234375,
      "u_9": 30.010128021240234,
      "v_0": 3.2081291675567627,
      "v_1": 3.983907461166382,
      "v_2": 5.552612781524658,
      "v_3": 6.886298656463623,
      "v_4": 7.530115604400635,
      "v_5": 7.937849998474121,
      "v_6": 8.302462577819824,
      "v_7": 8.146831512451172,
      "v_8": 7.891636371612549,
      "v_9": 8.616887092590332
    },
    "per_variable": {
      "surface_temperature": 25.25574493408203,
      "temperature": 21.262394905090332,
      "specific_humidity_dex": 1.1000952899456025,
      "cloud_fraction": 0.09826659327372908,
      "u": 16.784030294418336,
      "v": 6.805673122406006,
      "asr": 196.78746032714844,
      "olr": 40.900150299072266
    }
  },
  "acc": {
    "per_field": {
      "surface_temperature": 0.9410927295684814,
      "temperature_0": 0.8658360838890076,
      "temperature_1": 0.8331915140151978,
      "temperature_2": 0.8012962341308594,
      "temperature_3": 0.739683210849762,
      "temperature_4": 0.48036259412765503,
      "temperature_5": 0.07515162229537964,
      "temperature_6": -0.13285522162914276,
      "temperature_7": -0.013339780271053314,
      "temperature_8": 0.13838645815849304,
      "temperature_9": 0.10791223496198654,
      "specific_humidity_0_dex": 0.8523172736167908,
      "specific_humidity_1_dex": 0.8263095617294312,
      "specific_humidity_2_dex": 0.7760129570960999,
      "specific_humidity_3_dex": 0.7331995964050293,
      "specific_humidity_4_dex": 0.7042321562767029,
      "specific_humidity_5_dex": 0.7079576849937439,
      "specific_humidity_6_dex": 0.7101143598556519,
      "specific_humidity_7_dex": 0.7101325392723083,
      "specific_humidity_8_dex": 0.46091029047966003,
      "specific_humidity_9_dex": 0.18374395370483398,
      "asr": 0.9921747446060181,
      "olr": 0.7108538150787354,
      "cloud_fraction_0": 0.4529266357421875,
      "cloud_fraction_1": 0.52623051404953,
      "cloud_fraction_2": 0.6245787143707275,
      "cloud_fraction_3": 0.6759682893753052,
      "cloud_fraction_4": 0.6633327603340149,
      "cloud_fraction_5": 0.6628513932228088,
      "cloud_fraction_6": 0.6459538340568542,
      "cloud_fraction_7": 0.6114075183868408,
      "cloud_fraction_8": 0.47290003299713135,
      "cloud_fraction_9": 0.11432897299528122,
      "u_0": 0.7181758284568787,
      "u_1": 0.6234312653541565,
      "u_2": 0.49688130617141724,
      "u_3": 0.5474424958229065,
      "u_4": 0.5933330059051514,
      "u_5": 0.6011986136436462,
      "u_6": 0.5806066989898682,
      "u_7": 0.4860786497592926,
      "u_8": 0.3514424264431,
      "u_9": 0.32951194047927856,
      "v_0": 0.5899645090103149,
      "v_1": 0.49684077501296997,
      "v_2": 0.42484983801841736,
      "v_3": 0.5111309885978699,
      "v_4": 0.6270970106124878,
      "v_5": 0.6673365831375122,
      "v_6": 0.6408407688140869,
      "v_7": 0.5946017503738403,
      "v_8": 0.520823061466217,
      "v_9": 0.39408671855926514
    },
    "per_variable": {
      "surface_temperature": 0.9410927295684814,
      "temperature": 0.3895624950528145,
      "specific_humidity_dex": 0.6664930373430252,
      "cloud_fraction": 0.5450478665530681,
      "u": 0.5328102231025695,
      "v": 0.5467572003602982,
      "asr": 0.9921747446060181,
      "olr": 0.7108538150787354
    }
  }
}
