{
  "subset": "multi-partial",
  "protocol": "shared_planets",
  "n_test": 60,
  "n_samples": 1,
  "rmse": {
    "per_field": {
      "surface_temperature": 23.13995933532715,
      "temperature_0": 18.36591339111328,
      "temperature_1": 16.796436309814453,
      "temperature_2": 15.63037109375,
      "temperature_3": 15.43210220336914,
      "temperature_4": 15.776026725769043,
      "temperature_5": 17.974145889282227,
      "temperature_6": 21.22052574157715,
      "temperature_7": 26.41566276550293,
      "temperature_8": 27.68288230895996,
      "temperature_9": 34.318119049072266,
      "specific_humidity_0_dex": 0.5746631026268005,
      "specific_humidity_1_dex": 0.587884247303009,
      "specific_humidity_2_dex": 0.6626353859901428,
      "specific_humidity_3_dex": 0.7737136483192444,
      "specific_humidity_4_dex": 0.8939231634140015,
      "specific_humidity_5_dex": 1.05842125415802,
      "specific_humidity_6_dex": 1.2280274629592896,
      "specific_humidity_7_dex": 1.3498615026474,
      "specific_humidity_8_dex": 1.3853049278259277,
      "specific_humidity_9_dex": 1.6533390283584595,
      "asr": 211.15423583984375,
      "olr": 37.267879486083984,
      "cloud_fraction_0": 0.1927996128797531,
      "cloud_fraction_1": 0.16613993048667908,
      "cloud_fraction_2": 0.12265894562005997,
      "cloud_fraction_3": 0.09875838458538055,
      "cloud_fraction_4": 0.09076393395662308,
      "cloud_fraction_5": 0.08908826112747192,
      "cloud_fraction_6": 0.07954119890928268,
      "cloud_fraction_7": 0.05625423043966293,
      "cloud_fraction_8": 0.03886011987924576,
      "cloud_fraction_9": 0.01036878488957882,
      "u_0": 4.641302108764648,
      "u_1": 6.190842151641846,
      "u_2": 10.24337387084961,
      "u_3": 14.33668041229248,
      "u_4": 17.59757423400879,
      "u_5": 18.55866813659668,
      "u_6": 18.603580474853516,
      "u_7": 18.881235122680664,
      "u_8": 21.077669143676758,
      "u_9": 24.39816665649414,
      "v_0": 3.3672897815704346,
      "v_1": 4.247334957122803,
      "v_2": 6.021437168121338,
      "v_3": 7.478142738342285,
      "v_4": 8.133784294128418,
      "v_5": 8.357239723205566,
      "v_6": 8.61564826965332,
      "v_7": 8.32848072052002,
      "v_8": 7.755403518676758,
      "v_9": 8.39954662322998
    },
    "per_variable": {
      "surface_temperature": 23.13995933532715,
      "temperature": 20.961218547821044,
      "specific_humidity_dex": 1.0167773723602296,
      "cloud_fraction": 0.09452334027737379,
      "u": 15.452909231185913,
      "v": 7.070430779457093,
      "asr": 211.15423583984375,
      "olr": 37.267879486083984
    }
  },
  "acc": {
    "per_field": {
      "surface_temperature": 0.9514670968055725,
      "temperature_0": 0.8839752674102783,
      "temperature_1": 0.850433886051178,
      "temperature_2": 0.815342128276825,
      "temperature_3": 0.7663785815238953,
      "temperature_4": 0.48655402660369873,
      "temperature_5": -0.046317990869283676,
      "temperature_6": -0.28546857833862305,
      "temperature_7": -0.09140948951244354,
      "temperature_8": 0.16486351191997528,
      "temperature_9": 0.0985427051782608,
      "specific_humidity_0_dex": 0.9055079817771912,
      "specific_humidity_1_dex": 0.8809037804603577,
      "specific_humidity_2_dex": 0.817444920539856,
      "specific_humidity_3_dex": 0.761445164680481,
      "specific_humidity_4_dex": 0.7320142388343811,
      "specific_humidity_5_dex": 0.7503702044487,
      "specific_humidity_6_dex": 0.7491424083709717,
      "specific_humidity_7_dex": 0.7623016238212585,
      "specific_humidity_8_dex": 0.47669553756713867,
      "specific_humidity_9_dex": 0.13141636550426483,
      "asr": 0.9920287728309631,
      "olr": 0.7427443861961365,
      "cloud_fraction_0": 0.5079994797706604,
      "cloud_fraction_1": 0.5867769718170166,
      "cloud_fraction_2": 0.6712334752082825,
      "cloud_fraction_3": 0.7059214115142822,
      "cloud_fraction_4": 0.7148646116256714,
      "cloud_fraction_5": 0.731640100479126,
      "cloud_fraction_6": 0.716254472732544,
      "cloud_fraction_7": 0.6803684830665588,
      "cloud_fraction_8": 0.5086470246315002,
      "cloud_fraction_9": 0.06169763579964638,
      "u_0": 0.7346709370613098,
      "u_1": 0.6391464471817017,
      "u_2": 0.5145475268363953,
      "u_3": 0.5578547716140747,
      "u_4": 0.6018059849739075,
      "u_5": 0.6209941506385803,
      "u_6": 0.6143426895141602,
      "u_7": 0.5084592700004578,
      "u_8": 0.3638116419315338,
      "u_9": 0.28600671887397766,
      "v_0": 0.5913797616958618,
      "v_1": 0.48802444338798523,
      "v_2": 0.43779948353767395,
      "v_3": 0.547006368637085,
      "v_4": 0.6397503018379211,
      "v_5": 0.6884086728096008,
      "v_6": 0.6739519834518433,
      "v_7": 0.5787279009819031,
      "v_8": 0.4796045422554016,
      "v_9": 0.3319534659385681
    },
    "per_variable": {
      "surface_temperature": 0.9514670968055725,
      "temperature": 0.3642894048243761,
      "specific_humidity_dex": 0.6967242226004601,
      "cloud_fraction": 0.5885403666645288,
      "u": 0.5441640138626098,
      "v": 0.5456606924533844,
      "asr": 0.9920287728309631,
      "olr": 0.7427443861961365
    }
  },
  "relative_rmse": {
    "per_field": {
      "surface_temperature": 1.5673493146896362,
      "temperature_0": 1.444690465927124,
      "temperature_1": 1.3943084478378296,
      "temperature_2": 1.3276519775390625,
      "temperature_3": 1.4439460039138794,
      "temperature_4": 1.5683479309082031,
      "temperature_5": 1.8533962965011597,
      "temperature_6": 2.5964224338531494,
      "temperature_7": 3.632760524749756,
      "temperature_8": 5.4782938957214355,
      "temperature_9": 6.702764511108398,
      "specific_humidity_0_dex": 1.1727269887924194,
      "specific_humidity_1_dex": 1.158234715461731,
      "specific_humidity_2_dex": 1.2239420413970947,
      "specific_humidity_3_dex": 1.3321232795715332,
      "specific_humidity_4_dex": 1.4191203117370605,
      "specific_humidity_5_dex": 1.4566043615341187,
      "specific_humidity_6_dex": 1.5741454362869263,
      "specific_humidity_7_dex": 1.8231149911880493,
      "specific_humidity_8_dex": 3.1791350841522217,
      "specific_humidity_9_dex": 2.8757264614105225,
      "asr": 5.078508377075195,
      "olr": 1.4585040807724,
      "cloud_fraction_0": 0.5523555278778076,
      "cloud_fraction_1": 0.5845622420310974,
      "cloud_fraction_2": 0.6288655400276184,
      "cloud_fraction_3": 0.7324646711349487,
      "cloud_fraction_4": 0.9079271554946899,
      "cloud_fraction_5": 0.7617679238319397,
      "cloud_fraction_6": 5.9953413009643555,
      "cloud_fraction_7": 8.169788360595703,
      "cloud_fraction_8": 204.55844116210938,
      "cloud_fraction_9": 597.5038452148438,
      "u_0": 1.0712922811508179,
      "u_1": 1.1812602281570435,
      "u_2": 1.4404345750808716,
      "u_3": 1.5300896167755127,
      "u_4": 1.5070441961288452,
      "u_5": 1.4119229316711426,
      "u_6": 1.307114839553833,
      "u_7": 1.3812767267227173,
      "u_8": 2.4682962894439697,
      "u_9": 1.159479022026062,
      "v_0": 1.1416640281677246,
      "v_1": 1.2004680633544922,
      "v_2": 1.3009496927261353,
      "v_3": 1.2762380838394165,
      "v_4": 1.1482363939285278,
      "v_5": 1.142778754234314,
      "v_6": 1.1743202209472656,
      "v_7": 1.3006335496902466,
      "v_8": 2.7674264907836914,
      "v_9": 13.941786766052246
    },
    "per_variable": {
      "surface_temperature": 1.5673493146896362,
      "temperature": 1.6966451406478882,
      "specific_humidity_dex": 1.4027905464172363,
      "cloud_fraction": 0.587496280670166,
      "u": 1.221081256866455,
      "v": 1.1784669160842896,
      "asr": 5.078508377075195,
      "olr": 1.4585041999816895
    }
  },
  "relative_acc": {
    "per_field": {
      "surface_temperature": 1.0275111198425293,
      "temperature_0": 1.1080242395401,
      "temperature_1": 1.1309694051742554,