{
  "subset": "multi-partial",
  "protocol": "standard",
  "n_test": 100,
  "n_samples": 64,
  "rmse": {
    "per_field": {
      "surface_temperature": 10.497186660766602,
      "temperature_0": 8.587282180786133,
      "temperature_1": 8.416025161743164,
      "temperature_2": 8.037108421325684,
      "temperature_3": 7.840500354766846,
      "temperature_4": 7.848041534423828,
      "temperature_5": 7.757363319396973,
      "temperature_6": 7.76522159576416,
      "temperature_7": 9.313131332397461,
      "temperature_8": 11.501657485961914,
      "temperature_9": 9.748992919921875,
      "specific_humidity_0_dex": 0.3167145252227783,
      "specific_humidity_1_dex": 0.3171033561229706,
      "specific_humidity_2_dex": 0.33806106448173523,
      "specific_humidity_3_dex": 0.3780030310153961,
      "specific_humidity_4_dex": 0.41395074129104614,
      "specific_humidity_5_dex": 0.4692266583442688,
      "specific_humidity_6_dex": 0.5159427523612976,
      "specific_humidity_7_dex": 0.5533347129821777,
      "specific_humidity_8_dex": 0.6278018951416016,
      "specific_humidity_9_dex": 0.663753092288971,
      "asr": 25.570335388183594,
      "olr": 17.607248306274414,
      "cloud_fraction_0": 0.0905262678861618,
      "cloud_fraction_1": 0.08016803860664368,
      "cloud_fraction_2": 0.06712706387042999,
      "cloud_fraction_3": 0.05322295427322388,
      "cloud_fraction_4": 0.04583359137177467,
      "cloud_fraction_5": 0.046251971274614334,
      "cloud_fraction_6": 0.041079532355070114,
      "cloud_fraction_7": 0.032938770949840546,
      "cloud_fraction_8": 0.021232634782791138,
      "cloud_fraction_9": 0.005841248668730259,
      "u_0": 3.0805721282958984,
      "u_1": 3.722586154937744,
      "u_2": 5.2194294929504395,
      "u_3": 7.048401355743408,
      "u_4": 8.680571556091309,
      "u_5": 10.110546112060547,
      "u_6": 11.66519546508789,
      "u_7": 12.696023941040039,
      "u_8": 14.245678901672363,
      "u_9": 22.476572036743164,
      "v_0": 2.1353259086608887,
      "v_1": 2.5989744663238525,
      "v_2": 3.566439628601074,
      "v_3": 4.426924705505371,
      "v_4": 4.9211249351501465,
      "v_5": 5.152764797210693,
      "v_6": 5.392332077026367,
      "v_7": 5.340103626251221,
      "v_8": 4.865334510803223,
      "v_9": 4.3658127784729
    },
    "per_variable": {
      "surface_temperature": 10.497186660766602,
      "temperature": 8.681532430648804,
      "specific_humidity_dex": 0.4593891829252243,
      "cloud_fraction": 0.04842220740392804,
      "u": 9.89455771446228,
      "v": 4.2765137434005736,
      "asr": 25.570335388183594,
      "olr": 17.607248306274414
    }
  },
  "acc": {
    "per_field": {
      "surface_temperature": 0.9737985730171204,
      "temperature_0": 0.9308893084526062,
      "temperature_1": 0.9172616600990295,
      "temperature_2": 0.8854497671127319,
      "temperature_3": 0.8415555357933044,
      "temperature_4": 0.6900558471679688,
      "temperature_5": 0.4944441318511963,
      "temperature_6": 0.6022850871086121,
      "temperature_7": 0.6351783871650696,
      "temperature_8": 0.45571058988571167,
      "temperature_9": 0.37395891547203064,
      "specific_humidity_0_dex": 0.9046592712402344,
      "specific_humidity_1_dex": 0.8954424858093262,
      "specific_humidity_2_dex": 0.8767977356910706,
      "specific_humidity_3_dex": 0.8720099925994873,
      "specific_humidity_4_dex": 0.8752666711807251,
      "specific_humidity_5_dex": 0.888640284538269,
      "specific_humidity_6_dex": 0.8774192333221436,
      "specific_humidity_7_dex": 0.8390275835990906,
      "specific_humidity_8_dex": 0.5369656682014465,
      "specific_humidity_9_dex": 0.28500932455062866,
      "asr": 0.995858371257782,
      "olr": 0.8879652619361877,
      "cloud_fraction_0": 0.6391088962554932,
      "cloud_fraction_1": 0.6489903330802917,
      "cloud_fraction_2": 0.7122634053230286,
      "cloud_fraction_3": 0.7845707535743713,
      "cloud_fraction_4": 0.7749153971672058,
      "cloud_fraction_5": 0.7790033221244812,
      "cloud_fraction_6": 0.749998927116394,
      "cloud_fraction_7": 0.6820822358131409,
      "cloud_fraction_8": 0.5121630430221558,
      "cloud_fraction_9": 0.17931082844734192,
      "u_0": 0.8485311269760132,
      "u_1": 0.8063688278198242,
      "u_2": 0.7588302493095398,
      "u_3": 0.7749143242835999,
      "u_4": 0.7971974015235901,
      "u_5": 0.7888023257255554,
      "u_6": 0.7765195965766907,
      "u_7": 0.7157083749771118,
      "u_8": 0.5918065905570984,
      "u_9": 0.519352912902832,
      "v_0": 0.7939283847808838,
      "v_1": 0.760600745677948,
      "v_2": 0.7248525023460388,
      "v_3": 0.7278836369514465,
      "v_4": 0.7461621761322021,
      "v_5": 0.7897843718528748,
      "v_6": 0.7728964686393738,
      "v_7": 0.6799811720848083,
      "v_8": 0.5031871795654297,
      "v_9": 0.5330305099487305
    },
    "per_variable": {
      "surface_temperature": 0.9737985730171204,
      "temperature": 0.6826789230108261,
      "specific_humidity_dex": 0.7851238250732422,
      "cloud_fraction": 0.6462407141923905,
      "u": 0.7378031730651855,
      "v": 0.7032307147979736,
      "asr": 0.995858371257782,
      "olr": 0.8879652619361877
    }
  },
  "energy_score": {
    "per_field": {
      "surface_temperature": 8.223518371582031,
      "temperature_0": 6.691013336181641,
      "temperature_1": 6.528728485107422,
      "temperature_2": 6.20118522644043,
      "temperature_3": 6.097560882568359,
      "temperature_4": 6.171356201171875,
      "temperature_5": 6.242828369140625,
      "temperature_6": 6.308294773101807,
      "temperature_7": 7.703048229217529,
      "temperature_8": 9.061785697937012,
      "temperature_9": 7.645772933959961,
      "specific_humidity_0": 0.2514438331127167,
      "specific_humidity_1": 0.25100526213645935,
      "specific_humidity_2": 0.2658504545688629,
      "specific_humidity_3": 0.29839879274368286,
      "specific_humidity_4": 0.328695684671402,
      "specific_humidity_5": 0.37840110063552856,
      "specific_humidity_6": 0.41834545135498047,
      "specific_humidity_7": 0.448277086019516,
      "specific_humidity_8": 0.5043456554412842,
      "specific_humidity_9": 0.5286429524421692,
      "asr": 20.746417999267578,
      "olr": 13.642518043518066,
      "cloud_fraction_0": 0.06766793131828308,
      "cloud_fraction_1": 0.060023922473192215,
      "cloud_fraction_2": 0.049642909318208694,
      "cloud_fraction_3": 0.03966393321752548,
      "cloud_fraction_4": 0.0353793166577816,
      "cloud_fraction_5": 0.03635065257549286,
      "cloud_fraction_6": 0.031843092292547226,
      "cloud_fraction_7": 0.02515554241836071,
      "cloud_fraction_8": 0.017721781507134438,
      "cloud_fraction_9": 0.005708059761673212,
      "u_0": 2.269789934158325,
      "u_1": 2.770153284072876,
      "u_2": 3.9295809268951416,
      "u_3": 5.385417461395264,
      "u_4": 6.679183006286621,
      "u_5": 7.850366115570068,
      "u_6": 9.09081745147705,
      "u_7": 9.92971420288086,
      "u_8": 11.09277057647705,
      "u_9": 17.465206146240234,
      "v_0": 1.5718193054199219,
      "v_1": 1.9355950355529785,
      "v_2": 2.6851110458374023,
      "v_3": 3.345724105834961,
      "v_4": 3.708521604537964,
      "v_5": 3.8556418418884277,
      "v_6": 4.039422512054443,
      "v_7": 4.0152740478515625,
      "v_8": 3.7202978134155273,
      "v_9": 3.547523260116577
    },
    "per_variable": {
      "surface_temperature": 8.223518371582031,
      "temperature": 6.865157413482666,
      "specific_humidity_dex": 0.3673406273126602,
      "cloud_fraction": 0.03691571415401995,
      "u": 7.646299910545349,
      "v": 3.2424930572509765,
      "asr": 20.746417999267578,
      "olr": 13.642518043518066
    }
  },
  "spread_skill_ratio": {
    "per_field": {
      "surface_temperature": 0.9165794849395752,
      "temperature_0": 0.8968647122383118,
      "temperature_1": 0.8845373392105103,
      "temperature_2": 0.9271708726882935,