{
  "subset": "multi-complete",
  "protocol": "standard",
  "n_test": 90,
  "n_samples": 1,
  "rmse": {
    "per_field": {
      "surface_temperature": 12.958579063415527,
      "temperature_0": 9.529159545898438,
      "temperature_1": 9.388876914978027,
      "temperature_2": 9.480871200561523,
      "temperature_3": 9.392810821533203,
      "temperature_4": 9.569637298583984,
      "temperature_5": 10.07900619506836,
      "temperature_6": 11.04819107055664,
      "temperature_7": 11.8783540725708,
      "temperature_8": 12.433355331420898,
      "specific_humidity_0_dex": 0.37640419602394104,
      "specific_humidity_1_dex": 0.38783618807792664,
      "specific_humidity_2_dex": 0.42311590909957886,
      "specific_humidity_3_dex": 0.46209797263145447,
      "specific_humidity_4_dex": 0.4973405599594116,
      "specific_humidity_5_dex": 0.5694810152053833,
      "specific_humidity_6_dex": 0.6452850699424744,
      "specific_humidity_7_dex": 0.6674928665161133,
      "specific_humidity_8_dex": 0.7399463057518005,
      "asr": 32.78139877319336,
      "olr": 20.26144790649414,
      "cloud_fraction_0": 0.11034347862005234,
      "cloud_fraction_1": 0.09576054662466049,
      "cloud_fraction_2": 0.07765628397464752,
      "cloud_fraction_3": 0.06098911538720131,
      "cloud_fraction_4": 0.054108794778585434,
      "cloud_fraction_5": 0.05920035019516945,
      "cloud_fraction_6": 0.0503309890627861,
      "cloud_fraction_7": 0.03809349611401558,
      "cloud_fraction_8": 0.022664329037070274,
      "u_0": 3.6190781593322754,
      "u_1": 4.311439037322998,
      "u_2": 5.9679694175720215,
      "u_3": 8.022309303283691,
      "u_4": 10.103408813476562,
      "u_5": 11.896584510803223,
      "u_6": 13.504334449768066,
      "u_7": 14.984021186828613,
      "u_8": 17.192180633544922,
      "v_0": 2.438993215560913,
      "v_1": 2.950622797012329,
      "v_2": 4.059982776641846,
      "v_3": 5.030820846557617,
      "v_4": 5.557297229766846,
      "v_5": 5.913954734802246,
      "v_6": 6.129607677459717,
      "v_7": 5.920135974884033,
      "v_8": 5.538639068603516
    },
    "per_variable": {
      "surface_temperature": 12.958579063415527,
      "temperature": 10.31114027235243,
      "specific_humidity_dex": 0.5298888981342316,
      "cloud_fraction": 0.06323859819935428,
      "u": 9.955702834659153,
      "v": 4.8377838134765625,
      "asr": 32.78139877319336,
      "olr": 20.26144790649414
    }
  },
  "acc": {
    "per_field": {
      "surface_temperature": 0.9501118063926697,
      "temperature_0": 0.9134156107902527,
      "temperature_1": 0.8963214159011841,
      "temperature_2": 0.835101842880249,
      "temperature_3": 0.7557942867279053,
      "temperature_4": 0.5707765817642212,
      "temperature_5": 0.37907376885414124,
      "temperature_6": 0.4454960823059082,
      "temperature_7": 0.5558574795722961,
      "temperature_8": 0.36983129382133484,
      "specific_humidity_0_dex": 0.912024199962616,
      "specific_humidity_1_dex": 0.8935028314590454,
      "specific_humidity_2_dex": 0.853010892868042,
      "specific_humidity_3_dex": 0.8296281695365906,
      "specific_humidity_4_dex": 0.8277402520179749,
      "specific_humidity_5_dex": 0.8527401685714722,
      "specific_humidity_6_dex": 0.8475287556648254,
      "specific_humidity_7_dex": 0.788547694683075,
      "specific_humidity_8_dex": 0.48025351762771606,
      "asr": 0.9951975345611572,
      "olr": 0.8405389785766602,
      "cloud_fraction_0": 0.6036509871482849,
      "cloud_fraction_1": 0.6286240220069885,
      "cloud_fraction_2": 0.6939640641212463,
      "cloud_fraction_3": 0.768103301525116,
      "cloud_fraction_4": 0.7659084796905518,
      "cloud_fraction_5": 0.7375428080558777,
      "cloud_fraction_6": 0.7284517288208008,
      "cloud_fraction_7": 0.6708785891532898,
      "cloud_fraction_8": 0.4748900532722473,
      "u_0": 0.7906716465950012,
      "u_1": 0.7389628291130066,
      "u_2": 0.6869784593582153,
      "u_3": 0.687751829624176,
      "u_4": 0.6991741061210632,
      "u_5": 0.7009785771369934,
      "u_6": 0.679190993309021,
      "u_7": 0.5821117758750916,
      "u_8": 0.39987093210220337,
      "v_0": 0.7479028701782227,
      "v_1": 0.7008287906646729,
      "v_2": 0.649115264415741,
      "v_3": 0.6548483371734619,
      "v_4": 0.6822952032089233,
      "v_5": 0.7125974297523499,
      "v_6": 0.6924107670783997,
      "v_7": 0.5999352931976318,
      "v_8": 0.42273861169815063
    },
    "per_variable": {
      "surface_temperature": 0.9501118063926697,
      "temperature": 0.6357409291797214,
      "specific_humidity_dex": 0.8094418313768175,
      "cloud_fraction": 0.6746682259771559,
      "u": 0.6628545721371969,
      "v": 0.6514080630408393,
      "asr": 0.9951975345611572,
      "olr": 0.8405389785766602
    }
  }
}
