{
  "subset": "multi-complete",
  "protocol": "shared_planets",
  "n_test": 58,
  "n_samples": 1,
  "rmse": {
    "per_field": {
      "surface_temperature": 12.938657760620117,
      "temperature_0": 9.463075637817383,
      "temperature_1": 9.399666786193848,
      "temperature_2": 9.686361312866211,
      "temperature_3": 9.785746574401855,
      "temperature_4": 9.959890365600586,
      "temperature_5": 10.083414077758789,
      "temperature_6": 10.54082202911377,
      "temperature_7": 10.9464111328125,
      "temperature_8": 9.662973403930664,
      "specific_humidity_0_dex": 0.3624866306781769,
      "specific_humidity_1_dex": 0.3780115842819214,
      "specific_humidity_2_dex": 0.4219556152820587,
      "specific_humidity_3_dex": 0.47221142053604126,
      "specific_humidity_4_dex": 0.5246299505233765,
      "specific_humidity_5_dex": 0.613525390625,
      "specific_humidity_6_dex": 0.675547182559967,
      "specific_humidity_7_dex": 0.6625803112983704,
      "specific_humidity_8_dex": 0.7049599289894104,
      "asr": 35.93268585205078,
      "olr": 22.509624481201172,
      "cloud_fraction_0": 0.10493288189172745,
      "cloud_fraction_1": 0.09319496899843216,
      "cloud_fraction_2": 0.07568269222974777,
      "cloud_fraction_3": 0.05611427128314972,
      "cloud_fraction_4": 0.052397750318050385,
      "cloud_fraction_5": 0.05908052995800972,
      "cloud_fraction_6": 0.05045738443732262,
      "cloud_fraction_7": 0.03553276136517525,
      "cloud_fraction_8": 0.022674310952425003,
      "u_0": 3.9627420902252197,
      "u_1": 4.725452899932861,
      "u_2": 6.503650665283203,
      "u_3": 8.646636962890625,
      "u_4": 10.952510833740234,
      "u_5": 12.892748832702637,
      "u_6": 14.562405586242676,
      "u_7": 15.235042572021484,
      "u_8": 15.756087303161621,
      "v_0": 2.6389880180358887,
      "v_1": 3.1949877738952637,
      "v_2": 4.425995826721191,
      "v_3": 5.49665641784668,
      "v_4": 6.164614677429199,
      "v_5": 6.410473823547363,
      "v_6": 6.683496952056885,
      "v_7": 6.393493175506592,
      "v_8": 5.596278667449951
    },
    "per_variable": {
      "surface_temperature": 12.938657760620117,
      "temperature": 9.94759570227729,
      "specific_humidity_dex": 0.5351008905304803,
      "cloud_fraction": 0.06111861682600445,
      "u": 10.359697527355618,
      "v": 5.222776148054335,
      "asr": 35.93268585205078,
      "olr": 22.509624481201172
    }
  },
  "acc": {
    "per_field": {
      "surface_temperature": 0.9416088461875916,
      "temperature_0": 0.9271969795227051,
      "temperature_1": 0.912687361240387,
      "temperature_2": 0.8683270215988159,
      "temperature_3": 0.7779092192649841,
      "temperature_4": 0.5421828031539917,
      "temperature_5": 0.2899855673313141,
      "temperature_6": 0.42599236965179443,
      "temperature_7": 0.6155175566673279,
      "temperature_8": 0.36370664834976196,
      "specific_humidity_0_dex": 0.9211965203285217,
      "specific_humidity_1_dex": 0.8998488783836365,
      "specific_humidity_2_dex": 0.8494448661804199,
      "specific_humidity_3_dex": 0.8202183842658997,
      "specific_humidity_4_dex": 0.8176051378250122,
      "specific_humidity_5_dex": 0.8551281094551086,
      "specific_humidity_6_dex": 0.8515249490737915,
      "specific_humidity_7_dex": 0.8066412806510925,
      "specific_humidity_8_dex": 0.4428115487098694,
      "asr": 0.9945567846298218,
      "olr": 0.8610593676567078,
      "cloud_fraction_0": 0.5686041116714478,
      "cloud_fraction_1": 0.6181768774986267,
      "cloud_fraction_2": 0.6938952207565308,
      "cloud_fraction_3": 0.782137393951416,
      "cloud_fraction_4": 0.7888132333755493,
      "cloud_fraction_5": 0.7751681804656982,
      "cloud_fraction_6": 0.7794289588928223,
      "cloud_fraction_7": 0.7223292589187622,
      "cloud_fraction_8": 0.468941330909729,
      "u_0": 0.7866681814193726,
      "u_1": 0.7425430417060852,
      "u_2": 0.7095494270324707,
      "u_3": 0.7052886486053467,
      "u_4": 0.6848162412643433,
      "u_5": 0.6817291975021362,
      "u_6": 0.6969205141067505,
      "u_7": 0.5846617221832275,
      "u_8": 0.40411683917045593,
      "v_0": 0.7399721741676331,
      "v_1": 0.7013797760009766,
      "v_2": 0.6827616095542908,
      "v_3": 0.7004193067550659,
      "v_4": 0.7187612056732178,
      "v_5": 0.7657161951065063,
      "v_6": 0.7486475110054016,
      "v_7": 0.6311841607093811,
      "v_8": 0.46804293990135193
    },
    "per_variable": {
      "surface_temperature": 0.9416088461875916,
      "temperature": 0.6359450585312314,
      "specific_humidity_dex": 0.8071577416525947,
      "cloud_fraction": 0.6886105073822869,
      "u": 0.666254868110021,
      "v": 0.6840983198748695,
      "asr": 0.9945567846298218,
      "olr": 0.8610593676567078
    }
  },
  "relative_rmse": {
    "per_field": {
      "surface_temperature": 0.8259304761886597,
      "temperature_0": 0.8096478581428528,
      "temperature_1": 0.8616222143173218,
      "temperature_2": 0.9484190940856934,
      "temperature_3": 1.094506859779358,
      "temperature_4": 1.254078984260559,
      "temperature_5": 1.1080944538116455,
      "temperature_6": 1.0918376445770264,
      "temperature_7": 1.3192815780639648,
      "temperature_8": 1.7244446277618408,
      "specific_humidity_0_dex": 0.7155877947807312,
      "specific_humidity_1_dex": 0.7221248149871826,
      "specific_humidity_2_dex": 0.7400231957435608,
      "specific_humidity_3_dex": 0.7449900507926941,
      "specific_humidity_4_dex": 0.7510840892791748,
      "specific_humidity_5_dex": 0.7592355012893677,
      "specific_humidity_6_dex": 0.7985528111457825,
      "specific_humidity_7_dex": 0.7887874245643616,
      "specific_humidity_8_dex": 1.2427854537963867,
      "asr": 0.7242574095726013,
      "olr": 0.7238374352455139,
      "cloud_fraction_0": 0.3172052502632141,
      "cloud_fraction_1": 0.3431759178638458,
      "cloud_fraction_2": 0.40765154361724854,
      "cloud_fraction_3": 0.5270373225212097,
      "cloud_fraction_4": 0.7080016136169434,
      "cloud_fraction_5": 0.4847169816493988,
      "cloud_fraction_6": 1.729309320449829,
      "cloud_fraction_7": 3.540029287338257,
      "cloud_fraction_8": 10.802657127380371,
      "u_0": 0.932491660118103,
      "u_1": 0.9466933012008667,
      "u_2": 1.0093895196914673,
      "u_3": 0.9492968916893005,
      "u_4": 0.9021833539009094,
      "u_5": 0.8836307525634766,
      "u_6": 0.888679563999176,
      "u_7": 0.9739812612533569,
      "u_8": 1.7191975116729736,
      "v_0": 0.8979811072349548,
      "v_1": 0.9076089262962341,
      "v_2": 0.9138694405555725,
      "v_3": 0.8859761953353882,
      "v_4": 0.8492003679275513,
      "v_5": 0.8822890520095825,
      "v_6": 0.930814802646637,
      "v_7": 1.0368469953536987,
      "v_8": 1.5404517650604248
    },
    "per_variable": {
      "surface_temperature": 0.8259305357933044,
      "temperature": 0.8197661638259888,
      "specific_humidity_dex": 0.7356364130973816,
      "cloud_fraction": 0.35475993156433105,
      "u": 0.8985555768013,
      "v": 0.8665846586227417,
      "asr": 0.7242573499679565,
      "olr": 0.7238374948501587
    }
  },
  "relative_acc": {
    "per_field": {
      "surface_temperature": 1.0158700942993164,
      "temperature_0": 1.168388843536377,
      "temperature_1": 1.2201149463653564,
      "temperature_2": 1.249503254890442,
      "temperature_3": 1.243773341178894,
      "temperature_4": 1.5858635902404785,
      "temperature_5": 0.36678680777549744,
      "temperature_6": 0.8851905465126038,
      "temperature_7": 0.8660297989845276,
      "temperature_8": 1.3078436851501465,
      "specific_humidity_0_dex": 1.1192121505737305,
      "specific_humidity_1_dex": 1.147453784942627,
      "specific_humidity_2_dex": 1.2625364065170288,
      "specific_humidity_3_dex": 1.6090903282165527,
      "specific_humidity_4_dex": 1.372542381286621,
      "specific_humidity_5_dex": 1.116383671760559,