{
  "subset": "single-complete",
  "protocol": "standard",
  "n_test": 50,
  "n_samples": 1,
  "rmse": {
    "per_field": {
      "surface_temperature": 21.42702865600586,
      "temperature_0": 15.258893013000488,
      "temperature_1": 15.307927131652832,
      "temperature_2": 15.65228271484375,
      "temperature_3": 15.944454193115234,
      "temperature_4": 16.482440948486328,
      "temperature_5": 18.324447631835938,
      "temperature_6": 21.000402450561523,
      "temperature_7": 26.899324417114258,
      "temperature_8": 29.704421997070312,
      "specific_humidity_0_dex": 0.707988977432251,
      "specific_humidity_1_dex": 0.7308178544044495,
      "specific_humidity_2_dex": 0.7926294207572937,
      "specific_humidity_3_dex": 0.8922544717788696,
      "specific_humidity_4_dex": 1.0089466571807861,
      "specific_humidity_5_dex": 1.2029324769973755,
      "specific_humidity_6_dex": 1.3563846349716187,
      "specific_humidity_7_dex": 1.4131813049316406,
      "specific_humidity_8_dex": 1.3837785720825195,
      "asr": 46.62907409667969,
      "olr": 34.39854431152344,
      "cloud_fraction_0": 0.2400839775800705,
      "cloud_fraction_1": 0.21066173911094666,
      "cloud_fraction_2": 0.15877395868301392,
      "cloud_fraction_3": 0.11652524024248123,
      "cloud_fraction_4": 0.10559521615505219,
      "cloud_fraction_5": 0.11764983832836151,
      "cloud_fraction_6": 0.11572007089853287,
      "cloud_fraction_7": 0.08433251082897186,
      "cloud_fraction_8": 0.04282556474208832,
      "u_0": 4.581753730773926,
      "u_1": 5.61102294921875,
      "u_2": 8.002496719360352,
      "u_3": 11.65601921081543,
      "u_4": 14.661430358886719,
      "u_5": 15.887711524963379,
      "u_6": 16.508878707885742,
      "u_7": 16.307266235351562,
      "u_8": 15.817673683166504,
      "v_0": 2.8710293769836426,
      "v_1": 3.522900342941284,
      "v_2": 5.0006489753723145,
      "v_3": 6.463809013366699,
      "v_4": 6.834826469421387,
      "v_5": 6.721827983856201,
      "v_6": 6.612607479095459,
      "v_7": 5.745123863220215,
      "v_8": 4.109825611114502
    },
    "per_variable": {
      "surface_temperature": 21.42702865600586,
      "temperature": 19.397177166408962,
      "specific_humidity_dex": 1.0543238189485338,
      "cloud_fraction": 0.1324631240632799,
      "u": 12.114917013380262,
      "v": 5.320288790596856,
      "asr": 46.62907409667969,
      "olr": 34.39854431152344
    }
  },
  "acc": {
    "per_field": {
      "surface_temperature": 0.9600148797035217,
      "temperature_0": 0.8759675621986389,
      "temperature_1": 0.8421297669410706,
      "temperature_2": 0.7840602993965149,
      "temperature_3": 0.6518055200576782,
      "temperature_4": 0.2439267784357071,
      "temperature_5": -0.20298875868320465,
      "temperature_6": 0.3764951825141907,
      "temperature_7": 0.44788098335266113,
      "temperature_8": 0.06553534418344498,
      "specific_humidity_0_dex": 0.9054008722305298,
      "specific_humidity_1_dex": 0.8788393139839172,
      "specific_humidity_2_dex": 0.8159724473953247,
      "specific_humidity_3_dex": 0.7567963600158691,
      "specific_humidity_4_dex": 0.7367811799049377,
      "specific_humidity_5_dex": 0.7586089372634888,
      "specific_humidity_6_dex": 0.7472726702690125,
      "specific_humidity_7_dex": 0.7012603878974915,
      "specific_humidity_8_dex": 0.42998355627059937,
      "asr": 0.9930168390274048,
      "olr": 0.7958782315254211,
      "cloud_fraction_0": 0.43099018931388855,
      "cloud_fraction_1": 0.49211394786834717,
      "cloud_fraction_2": 0.6339539885520935,
      "cloud_fraction_3": 0.7464467883110046,
      "cloud_fraction_4": 0.7655882835388184,
      "cloud_fraction_5": 0.7407134771347046,
      "cloud_fraction_6": 0.7301698327064514,
      "cloud_fraction_7": 0.6589001417160034,
      "cloud_fraction_8": 0.36802566051483154,
      "u_0": 0.7107928395271301,
      "u_1": 0.6212842464447021,
      "u_2": 0.5179192423820496,
      "u_3": 0.5171129107475281,
      "u_4": 0.5449936389923096,
      "u_5": 0.5520700812339783,
      "u_6": 0.5436584949493408,
      "u_7": 0.3965587913990021,
      "u_8": 0.2090521603822708,
      "v_0": 0.7433719038963318,
      "v_1": 0.682264506816864,
      "v_2": 0.550101101398468,
      "v_3": 0.4857558012008667,
      "v_4": 0.5974490642547607,
      "v_5": 0.6474712491035461,
      "v_6": 0.5787604451179504,
      "v_7": 0.50880366563797,
      "v_8": 0.3711327016353607
    },
    "per_variable": {
      "surface_temperature": 0.9600148797035217,
      "temperature": 0.4538680753774113,
      "specific_humidity_dex": 0.7478795250256857,
      "cloud_fraction": 0.6185447010729048,
      "u": 0.5126047117842568,
      "v": 0.5739011598957909,
      "asr": 0.9930168390274048,
      "olr": 0.7958782315254211
    }
  }
}
