{
  "subset": "multi-complete",
  "protocol": "shared_planets",
  "n_test": 58,
  "n_samples": 64,
  "rmse": {
    "per_field": {
      "surface_temperature": 12.562052726745605,
      "temperature_0": 9.792403221130371,
      "temperature_1": 9.379716873168945,
      "temperature_2": 8.960501670837402,
      "temperature_3": 8.720491409301758,
      "temperature_4": 8.795233726501465,
      "temperature_5": 8.981528282165527,
      "temperature_6": 9.134504318237305,
      "temperature_7": 10.124918937683105,
      "temperature_8": 10.715920448303223,
      "specific_humidity_0_dex": 0.33395957946777344,
      "specific_humidity_1_dex": 0.33867284655570984,
      "specific_humidity_2_dex": 0.37089911103248596,
      "specific_humidity_3_dex": 0.4255179762840271,
      "specific_humidity_4_dex": 0.49322396516799927,
      "specific_humidity_5_dex": 0.5887303352355957,
      "specific_humidity_6_dex": 0.6542632579803467,
      "specific_humidity_7_dex": 0.6882787346839905,
      "specific_humidity_8_dex": 0.7900195121765137,
      "asr": 31.66777229309082,
      "olr": 20.272037506103516,
      "cloud_fraction_0": 0.08964855968952179,
      "cloud_fraction_1": 0.07877951115369797,
      "cloud_fraction_2": 0.06514912843704224,
      "cloud_fraction_3": 0.04761270433664322,
      "cloud_fraction_4": 0.039737433195114136,
      "cloud_fraction_5": 0.042046334594488144,
      "cloud_fraction_6": 0.040122635662555695,
      "cloud_fraction_7": 0.032157327979803085,
      "cloud_fraction_8": 0.01984882727265358,
      "u_0": 3.456878662109375,
      "u_1": 4.225481033325195,
      "u_2": 5.878407001495361,
      "u_3": 7.782205104827881,
      "u_4": 9.808037757873535,
      "u_5": 11.395683288574219,
      "u_6": 13.011309623718262,
      "u_7": 13.75745677947998,
      "u_8": 14.983664512634277,
      "v_0": 2.4302549362182617,
      "v_1": 2.943119764328003,
      "v_2": 4.032243728637695,
      "v_3": 5.016164779663086,
      "v_4": 5.650424957275391,
      "v_5": 5.797170162200928,
      "v_6": 6.0107316970825195,
      "v_7": 5.643715858459473,
      "v_8": 4.65379524230957
    },
    "per_variable": {
      "surface_temperature": 12.562052726745605,
      "temperature": 9.4005798763699,
      "specific_humidity_dex": 0.5203961465093825,
      "cloud_fraction": 0.05056694025794665,
      "u": 9.366569307115343,
      "v": 4.68640234735277,
      "asr": 31.66777229309082,
      "olr": 20.272037506103516
    }
  },
  "acc": {
    "per_field": {
      "surface_temperature": 0.9744407534599304,
      "temperature_0": 0.9402139782905579,
      "temperature_1": 0.9276677370071411,
      "temperature_2": 0.8991066217422485,
      "temperature_3": 0.8455694317817688,
      "temperature_4": 0.6325103044509888,
      "temperature_5": 0.30197182297706604,
      "temperature_6": 0.4092521369457245,
      "temperature_7": 0.5277618765830994,
      "temperature_8": 0.3583110272884369,
      "specific_humidity_0_dex": 0.9462230801582336,
      "specific_humidity_1_dex": 0.9313247203826904,
      "specific_humidity_2_dex": 0.8928399682044983,
      "specific_humidity_3_dex": 0.8710747957229614,
      "specific_humidity_4_dex": 0.8684359192848206,
      "specific_humidity_5_dex": 0.8890699148178101,
      "specific_humidity_6_dex": 0.8760254979133606,
      "specific_humidity_7_dex": 0.8428899049758911,
      "specific_humidity_8_dex": 0.49508553743362427,
      "asr": 0.9952850341796875,
      "olr": 0.8808661699295044,
      "cloud_fraction_0": 0.6479973196983337,
      "cloud_fraction_1": 0.6574907898902893,
      "cloud_fraction_2": 0.7045041918754578,
      "cloud_fraction_3": 0.7891246676445007,
      "cloud_fraction_4": 0.8056666851043701,
      "cloud_fraction_5": 0.8252934217453003,
      "cloud_fraction_6": 0.7910360097885132,
      "cloud_fraction_7": 0.7372644543647766,
      "cloud_fraction_8": 0.47810861468315125,
      "u_0": 0.8403476476669312,
      "u_1": 0.7971959710121155,
      "u_2": 0.7718755006790161,
      "u_3": 0.7764026522636414,
      "u_4": 0.7576834559440613,
      "u_5": 0.7444544434547424,
      "u_6": 0.7336097955703735,
      "u_7": 0.6525846719741821,
      "u_8": 0.5866237282752991,
      "v_0": 0.7701708078384399,
      "v_1": 0.7328281402587891,
      "v_2": 0.7121517062187195,
      "v_3": 0.7401055693626404,
      "v_4": 0.7517197132110596,
      "v_5": 0.8133377432823181,
      "v_6": 0.787656843662262,
      "v_7": 0.6843330264091492,
      "v_8": 0.5540812015533447
    },
    "per_variable": {
      "surface_temperature": 0.9744407534599304,
      "temperature": 0.6491516596741147,
      "specific_humidity_dex": 0.8458854820993211,
      "cloud_fraction": 0.7151651283105215,
      "u": 0.7400864296489291,
      "v": 0.7273760835329691,
      "asr": 0.9952850341796875,
      "olr": 0.8808661699295044
    }
  },
  "energy_score": {
    "per_field": {
      "surface_temperature": 9.473076820373535,
      "temperature_0": 7.323425769805908,
      "temperature_1": 7.026793479919434,
      "temperature_2": 6.659279823303223,
      "temperature_3": 6.559388637542725,
      "temperature_4": 6.7306623458862305,
      "temperature_5": 7.061720848083496,
      "temperature_6": 7.296617031097412,
      "temperature_7": 7.678138256072998,
      "temperature_8": 7.832694053649902,
      "specific_humidity_0": 0.260877400636673,
      "specific_humidity_1": 0.2653852701187134,
      "specific_humidity_2": 0.29249072074890137,
      "specific_humidity_3": 0.3361840844154358,
      "specific_humidity_4": 0.38768312335014343,
      "specific_humidity_5": 0.4638972580432892,
      "specific_humidity_6": 0.5132317543029785,
      "specific_humidity_7": 0.5352425575256348,
      "specific_humidity_8": 0.6054636836051941,
      "asr": 25.24505615234375,
      "olr": 15.77613353729248,
      "cloud_fraction_0": 0.06834731251001358,
      "cloud_fraction_1": 0.060114871710538864,
      "cloud_fraction_2": 0.04898262768983841,
      "cloud_fraction_3": 0.0363568440079689,
      "cloud_fraction_4": 0.03243272751569748,
      "cloud_fraction_5": 0.034809574484825134,
      "cloud_fraction_6": 0.032833393663167953,
      "cloud_fraction_7": 0.024952001869678497,
      "cloud_fraction_8": 0.01614959165453911,
      "u_0": 2.555708885192871,
      "u_1": 3.173682928085327,
      "u_2": 4.487227439880371,
      "u_3": 6.0173115730285645,
      "u_4": 7.591727256774902,
      "u_5": 8.86479377746582,
      "u_6": 10.129091262817383,
      "u_7": 10.522501945495605,
      "u_8": 11.10405158996582,
      "v_0": 1.7956715822219849,
      "v_1": 2.212841510772705,
      "v_2": 3.076301097869873,
      "v_3": 3.8422775268554688,
      "v_4": 4.282963752746582,
      "v_5": 4.3713297843933105,
      "v_6": 4.511204242706299,
      "v_7": 4.222518444061279,
      "v_8": 3.5634148120880127
    },
    "per_variable": {
      "surface_temperature": 9.473076820373535,
      "temperature": 7.129857805040148,
      "specific_humidity_dex": 0.40671731697188485,
      "cloud_fraction": 0.039442105011807546,
      "u": 7.160677406522963,
      "v": 3.542058083746168,
      "asr": 25.24505615234375,
      "olr": 15.77613353729248
    }
  },
  "spread_skill_ratio": {
    "per_field": {
      "surface_temperature": 0.8790043592453003,
      "temperature_0": 0.8940792083740234,
      "temperature_1": 0.9025388360023499,
      "temperature_2": 0.9432854652404785,
      "temperature_3": 0.9545388221740723,
      "temperature_4": 0.966781497001648,
      "temperature_5": 0.9306171536445618,
      "temperature_6": 0.996123194694519,
      "temperature_7": 1.057463526725769,
      "temperature_8": 1.1494762897491455,
      "specific_humidity_0": 1.0649935007095337,
      "specific_humidity_1": 1.0220324993133545,
      "specific_humidity_2": 0.9685652256011963,
      "specific_humidity_3": 0.8971601128578186,
      "specific_humidity_4": 0.8280712962150574,
      "specific_humidity_5": 0.7989795207977295,
      "specific_humidity_6": 0.7697340250015259,