{
  "subset": "multi-complete",
  "protocol": "standard",
  "n_test": 90,
  "n_samples": 64,
  "rmse": {
    "per_field": {
      "surface_temperature": 11.392911911010742,
      "temperature_0": 9.259522438049316,
      "temperature_1": 8.888566970825195,
      "temperature_2": 8.398978233337402,
      "temperature_3": 8.058024406433105,
      "temperature_4": 7.918800354003906,
      "temperature_5": 7.797472953796387,
      "temperature_6": 8.091200828552246,
      "temperature_7": 10.54807186126709,
      "temperature_8": 12.094446182250977,
      "specific_humidity_0_dex": 0.31754517555236816,
      "specific_humidity_1_dex": 0.3194967806339264,
      "specific_humidity_2_dex": 0.3429715633392334,
      "specific_humidity_3_dex": 0.38532987236976624,
      "specific_humidity_4_dex": 0.4297332763671875,
      "specific_humidity_5_dex": 0.49580955505371094,
      "specific_humidity_6_dex": 0.5563784837722778,
      "specific_humidity_7_dex": 0.5972858667373657,
      "specific_humidity_8_dex": 0.7002772688865662,
      "asr": 26.7850399017334,
      "olr": 17.65325927734375,
      "cloud_fraction_0": 0.08751027286052704,
      "cloud_fraction_1": 0.07699012011289597,
      "cloud_fraction_2": 0.06536468118429184,
      "cloud_fraction_3": 0.05087457224726677,
      "cloud_fraction_4": 0.04294993355870247,
      "cloud_fraction_5": 0.044916655868291855,
      "cloud_fraction_6": 0.04063509777188301,
      "cloud_fraction_7": 0.03270071744918823,
      "cloud_fraction_8": 0.02019757218658924,
      "u_0": 3.1605234146118164,
      "u_1": 3.8311452865600586,
      "u_2": 5.3512067794799805,
      "u_3": 7.184916019439697,
      "u_4": 8.93701457977295,
      "u_5": 10.52128791809082,
      "u_6": 12.094087600708008,
      "u_7": 13.337791442871094,
      "u_8": 15.618610382080078,
      "v_0": 2.1784658432006836,
      "v_1": 2.653805732727051,
      "v_2": 3.6626386642456055,
      "v_3": 4.587944984436035,
      "v_4": 5.0852460861206055,
      "v_5": 5.322176933288574,
      "v_6": 5.499717712402344,
      "v_7": 5.266453266143799,
      "v_8": 4.524363040924072
    },
    "per_variable": {
      "surface_temperature": 11.392911911010742,
      "temperature": 9.00612046983507,
      "specific_humidity_dex": 0.4605364269680447,
      "cloud_fraction": 0.05134884702662627,
      "u": 8.892953713734945,
      "v": 4.308979140387641,
      "asr": 26.7850399017334,
      "olr": 17.65325927734375
    }
  },
  "acc": {
    "per_field": {
      "surface_temperature": 0.9751779437065125,
      "temperature_0": 0.9279333353042603,
      "temperature_1": 0.914658784866333,
      "temperature_2": 0.8752546310424805,
      "temperature_3": 0.8215229511260986,
      "temperature_4": 0.6598618626594543,
      "temperature_5": 0.4221827983856201,
      "temperature_6": 0.4844214916229248,
      "temperature_7": 0.5235346555709839,
      "temperature_8": 0.3914891481399536,
      "specific_humidity_0_dex": 0.9353137612342834,
      "specific_humidity_1_dex": 0.9218282103538513,
      "specific_humidity_2_dex": 0.8955503702163696,
      "specific_humidity_3_dex": 0.8839089870452881,
      "specific_humidity_4_dex": 0.8848098516464233,
      "specific_humidity_5_dex": 0.8977186679840088,
      "specific_humidity_6_dex": 0.8829556703567505,
      "specific_humidity_7_dex": 0.8290907740592957,
      "specific_humidity_8_dex": 0.5522458553314209,
      "asr": 0.9957787990570068,
      "olr": 0.8886936902999878,
      "cloud_fraction_0": 0.6816896796226501,
      "cloud_fraction_1": 0.6887684464454651,
      "cloud_fraction_2": 0.7382453083992004,
      "cloud_fraction_3": 0.7958136796951294,
      "cloud_fraction_4": 0.7849947810173035,
      "cloud_fraction_5": 0.7923309206962585,
      "cloud_fraction_6": 0.7621200680732727,
      "cloud_fraction_7": 0.6862980127334595,
      "cloud_fraction_8": 0.48007866740226746,
      "u_0": 0.8350592851638794,
      "u_1": 0.7862372398376465,
      "u_2": 0.733070969581604,
      "u_3": 0.7478424310684204,
      "u_4": 0.7650808691978455,
      "u_5": 0.7514561414718628,
      "u_6": 0.7354037761688232,
      "u_7": 0.6775938868522644,
      "u_8": 0.5901538133621216,
      "v_0": 0.7807347774505615,
      "v_1": 0.742264449596405,
      "v_2": 0.6943566799163818,
      "v_3": 0.6946405172348022,
      "v_4": 0.7192361354827881,
      "v_5": 0.7638563513755798,
      "v_6": 0.7368829250335693,
      "v_7": 0.6380079984664917,
      "v_8": 0.5174777507781982
    },
    "per_variable": {
      "surface_temperature": 0.9751779437065125,
      "temperature": 0.6689844065242343,
      "specific_humidity_dex": 0.8537135720252991,
      "cloud_fraction": 0.7122599515650008,
      "u": 0.7357664903004965,
      "v": 0.6986063983705308,
      "asr": 0.9957787990570068,
      "olr": 0.8886936902999878
    }
  },
  "energy_score": {
    "per_field": {
      "surface_temperature": 8.705083847045898,
      "temperature_0": 7.028833866119385,
      "temperature_1": 6.734740734100342,
      "temperature_2": 6.330662727355957,
      "temperature_3": 6.146023750305176,
      "temperature_4": 6.174213886260986,
      "temperature_5": 6.240176677703857,
      "temperature_6": 6.526551723480225,
      "temperature_7": 8.361725807189941,
      "temperature_8": 9.397558212280273,
      "specific_humidity_0": 0.24930547177791595,
      "specific_humidity_1": 0.2516828775405884,
      "specific_humidity_2": 0.27162623405456543,
      "specific_humidity_3": 0.3048867881298065,
      "specific_humidity_4": 0.3395126760005951,
      "specific_humidity_5": 0.3943306803703308,
      "specific_humidity_6": 0.444741815328598,
      "specific_humidity_7": 0.4772787392139435,
      "specific_humidity_8": 0.5526106357574463,
      "asr": 21.604759216308594,
      "olr": 13.69597339630127,
      "cloud_fraction_0": 0.06628895550966263,
      "cloud_fraction_1": 0.05816485732793808,
      "cloud_fraction_2": 0.04837661236524582,
      "cloud_fraction_3": 0.038168102502822876,
      "cloud_fraction_4": 0.03435815870761871,
      "cloud_fraction_5": 0.03607535734772682,
      "cloud_fraction_6": 0.03164667636156082,
      "cloud_fraction_7": 0.024742038920521736,
      "cloud_fraction_8": 0.01658630557358265,
      "u_0": 2.3435072898864746,
      "u_1": 2.8717563152313232,
      "u_2": 4.0673651695251465,
      "u_3": 5.525965213775635,
      "u_4": 6.916889190673828,
      "u_5": 8.193620681762695,
      "u_6": 9.42034912109375,
      "u_7": 10.32583999633789,
      "u_8": 12.069783210754395,
      "v_0": 1.6124986410140991,
      "v_1": 1.9898818731307983,
      "v_2": 2.7826993465423584,
      "v_3": 3.4854400157928467,
      "v_4": 3.8291568756103516,
      "v_5": 3.9919610023498535,
      "v_6": 4.132880210876465,
      "v_7": 3.9700536727905273,
      "v_8": 3.479173183441162
    },
    "per_variable": {
      "surface_temperature": 8.705083847045898,
      "temperature": 6.993387487199572,
      "specific_humidity_dex": 0.3651084353526433,
      "cloud_fraction": 0.03937856273518668,
      "u": 6.859452909893459,
      "v": 3.2526383135053845,
      "asr": 21.604759216308594,
      "olr": 13.69597339630127
    }
  },
  "spread_skill_ratio": {
    "per_field": {
      "surface_temperature": 0.9060709476470947,
      "temperature_0": 0.8751078844070435,
      "temperature_1": 0.8857142925262451,
      "temperature_2": 0.9335192441940308,
      "temperature_3": 0.9603855013847351,
      "temperature_4": 1.0000646114349365,
      "temperature_5": 1.0141884088516235,
      "temperature_6": 1.084675669670105,
      "temperature_7": 0.7812836170196533,
      "temperature_8": 0.6976145505905151,
      "specific_humidity_0": 1.033522129058838,
      "specific_humidity_1": 1.0035269260406494,
      "specific_humidity_2": 0.9858933687210083,
      "specific_humidity_3": 0.9505112171173096,
      "specific_humidity_4": 0.9170573353767395,
      "specific_humidity_5": 0.8997124433517456,
      "specific_humidity_6": 0.8462592363357544,