{
  "subset": "single-complete",
  "protocol": "standard",
  "n_test": 50,
  "n_samples": 1,
  "rmse": {
    "per_field": {
      "surface_temperature": 13.063350677490234,
      "temperature_0": 8.952306747436523,
      "temperature_1": 8.89848804473877,
      "temperature_2": 8.944145202636719,
      "temperature_3": 9.31206226348877,
      "temperature_4": 9.656942367553711,
      "temperature_5": 10.092743873596191,
      "temperature_6": 11.51712417602539,
      "temperature_7": 13.954673767089844,
      "temperature_8": 12.477168083190918,
      "specific_humidity_0_dex": 0.3991357088088989,
      "specific_humidity_1_dex": 0.41217970848083496,
      "specific_humidity_2_dex": 0.4509662389755249,
      "specific_humidity_3_dex": 0.5081331133842468,
      "specific_humidity_4_dex": 0.571683943271637,
      "specific_humidity_5_dex": 0.6918626427650452,
      "specific_humidity_6_dex": 0.7879990935325623,
      "specific_humidity_7_dex": 0.7738583087921143,
      "specific_humidity_8_dex": 0.7900832295417786,
      "asr": 30.58266830444336,
      "olr": 20.608125686645508,
      "cloud_fraction_0": 0.15817193686962128,
      "cloud_fraction_1": 0.14761458337306976,
      "cloud_fraction_2": 0.12568458914756775,
      "cloud_fraction_3": 0.09524890035390854,
      "cloud_fraction_4": 0.0766611322760582,
      "cloud_fraction_5": 0.07691851258277893,
      "cloud_fraction_6": 0.0690867006778717,
      "cloud_fraction_7": 0.0562320202589035,
      "cloud_fraction_8": 0.039602939039468765,
      "u_0": 3.2959656715393066,
      "u_1": 3.9866151809692383,
      "u_2": 5.606438159942627,
      "u_3": 7.930718421936035,
      "u_4": 9.935027122497559,
      "u_5": 11.977505683898926,
      "u_6": 13.771885871887207,
      "u_7": 14.564711570739746,
      "u_8": 15.459575653076172,
      "v_0": 2.350449323654175,
      "v_1": 2.9208574295043945,
      "v_2": 4.135664463043213,
      "v_3": 5.156362533569336,
      "v_4": 5.465417861938477,
      "v_5": 5.4637451171875,
      "v_6": 5.421678066253662,
      "v_7": 4.492372512817383,
      "v_8": 3.3495562076568604
    },
    "per_variable": {
      "surface_temperature": 13.063350677490234,
      "temperature": 10.42285050286187,
      "specific_humidity_dex": 0.5984335541725159,
      "cloud_fraction": 0.09391347939769427,
      "u": 9.614271481831869,
      "v": 4.306233723958333,
      "asr": 30.58266830444336,
      "olr": 20.608125686645508
    }
  },
  "acc": {
    "per_field": {
      "surface_temperature": 0.9699221253395081,
      "temperature_0": 0.9181942939758301,
      "temperature_1": 0.8914448022842407,
      "temperature_2": 0.849783718585968,
      "temperature_3": 0.7297820448875427,
      "temperature_4": 0.5454294085502625,
      "temperature_5": 0.34969523549079895,
      "temperature_6": 0.4023846387863159,
      "temperature_7": 0.4398879110813141,
      "temperature_8": 0.333201140165329,
      "specific_humidity_0_dex": 0.9416162967681885,
      "specific_humidity_1_dex": 0.9219566583633423,
      "specific_humidity_2_dex": 0.8713359236717224,
      "specific_humidity_3_dex": 0.8319843411445618,
      "specific_humidity_4_dex": 0.8181625604629517,
      "specific_humidity_5_dex": 0.8344495296478271,
      "specific_humidity_6_dex": 0.8206247687339783,
      "specific_humidity_7_dex": 0.7729200124740601,
      "specific_humidity_8_dex": 0.4905819594860077,
      "asr": 0.9946661591529846,
      "olr": 0.8477712273597717,
      "cloud_fraction_0": 0.7351567149162292,
      "cloud_fraction_1": 0.7128908038139343,
      "cloud_fraction_2": 0.7265946269035339,
      "cloud_fraction_3": 0.8092048764228821,
      "cloud_fraction_4": 0.8329873085021973,
      "cloud_fraction_5": 0.8389140367507935,
      "cloud_fraction_6": 0.7944140434265137,
      "cloud_fraction_7": 0.6767057776451111,
      "cloud_fraction_8": 0.39990347623825073,
      "u_0": 0.8292454481124878,
      "u_1": 0.7746680974960327,
      "u_2": 0.7038342356681824,
      "u_3": 0.6836031079292297,
      "u_4": 0.7170396447181702,
      "u_5": 0.7221635580062866,
      "u_6": 0.6675136089324951,
      "u_7": 0.5945627689361572,
      "u_8": 0.4425174593925476,
      "v_0": 0.7795621752738953,
      "v_1": 0.7411213517189026,
      "v_2": 0.6607236266136169,
      "v_3": 0.6145966053009033,
      "v_4": 0.6804913282394409,
      "v_5": 0.7223812937736511,
      "v_6": 0.6620945930480957,
      "v_7": 0.5892896056175232,
      "v_8": 0.3468766510486603
    },
    "per_variable": {
      "surface_temperature": 0.9699221253395081,
      "temperature": 0.6066447993119558,
      "specific_humidity_dex": 0.8115146723058488,
      "cloud_fraction": 0.7251968516243829,
      "u": 0.6816831032435099,
      "v": 0.64412635895941,
      "asr": 0.9946661591529846,
      "olr": 0.8477712273597717
    }
  }
}
