{
  "subset": "multi-partial",
  "protocol": "standard",
  "n_test": 100,
  "n_samples": 1,
  "rmse": {
    "per_field": {
      "surface_temperature": 16.91155433654785,
      "temperature_0": 14.298811912536621,
      "temperature_1": 13.958239555358887,
      "temperature_2": 13.23495864868164,
      "temperature_3": 12.734661102294922,
      "temperature_4": 12.516639709472656,
      "temperature_5": 12.400777816772461,
      "temperature_6": 13.190268516540527,
      "temperature_7": 16.495023727416992,
      "temperature_8": 19.144498825073242,
      "temperature_9": 16.408597946166992,
      "specific_humidity_0_dex": 0.4916892945766449,
      "specific_humidity_1_dex": 0.4811946749687195,
      "specific_humidity_2_dex": 0.49059033393859863,
      "specific_humidity_3_dex": 0.5435855984687805,
      "specific_humidity_4_dex": 0.6095311641693115,
      "specific_humidity_5_dex": 0.7037043571472168,
      "specific_humidity_6_dex": 0.7822693586349487,
      "specific_humidity_7_dex": 0.8688081502914429,
      "specific_humidity_8_dex": 0.9648879170417786,
      "specific_humidity_9_dex": 1.029984712600708,
      "asr": 47.42533874511719,
      "olr": 24.85892105102539,
      "cloud_fraction_0": 0.1323004812002182,
      "cloud_fraction_1": 0.11906587332487106,
      "cloud_fraction_2": 0.094223253428936,
      "cloud_fraction_3": 0.07074908167123795,
      "cloud_fraction_4": 0.06060193106532097,
      "cloud_fraction_5": 0.06268882751464844,
      "cloud_fraction_6": 0.05657421424984932,
      "cloud_fraction_7": 0.042586799710989,
      "cloud_fraction_8": 0.027043327689170837,
      "cloud_fraction_9": 0.00545225664973259,
      "u_0": 3.9508984088897705,
      "u_1": 5.041183948516846,
      "u_2": 7.515052795410156,
      "u_3": 10.071588516235352,
      "u_4": 12.111201286315918,
      "u_5": 13.530618667602539,
      "u_6": 15.493151664733887,
      "u_7": 17.74485969543457,
      "u_8": 20.684114456176758,
      "u_9": 24.780550003051758,
      "v_0": 2.7041733264923096,
      "v_1": 3.3455891609191895,
      "v_2": 4.71991491317749,
      "v_3": 5.928436756134033,
      "v_4": 6.469729900360107,
      "v_5": 6.653873443603516,
      "v_6": 6.82835578918457,
      "v_7": 6.5859456062316895,
      "v_8": 6.1639862060546875,
      "v_9": 5.211104393005371
    },
    "per_variable": {
      "surface_temperature": 16.91155433654785,
      "temperature": 14.438247776031494,
      "specific_humidity_dex": 0.696624556183815,
      "cloud_fraction": 0.06712860465049744,
      "u": 13.092321944236755,
      "v": 5.461110949516296,
      "asr": 47.42533874511719,
      "olr": 24.85892105102539
    }
  },
  "acc": {
    "per_field": {
      "surface_temperature": 0.9659863114356995,
      "temperature_0": 0.902224063873291,
      "temperature_1": 0.8827664852142334,
      "temperature_2": 0.8397137522697449,
      "temperature_3": 0.770488440990448,
      "temperature_4": 0.5108776688575745,
      "temperature_5": 0.1083853468298912,
      "temperature_6": 0.16603294014930725,
      "temperature_7": 0.21748694777488708,
      "temperature_8": 0.15291260182857513,
      "temperature_9": 0.07936079055070877,
      "specific_humidity_0_dex": 0.8768702149391174,
      "specific_humidity_1_dex": 0.8629747629165649,
      "specific_humidity_2_dex": 0.8358312249183655,
      "specific_humidity_3_dex": 0.823459804058075,
      "specific_humidity_4_dex": 0.8294559717178345,
      "specific_humidity_5_dex": 0.8451504707336426,
      "specific_humidity_6_dex": 0.837477445602417,
      "specific_humidity_7_dex": 0.8090177774429321,
      "specific_humidity_8_dex": 0.4959372580051422,
      "specific_humidity_9_dex": 0.19055117666721344,
      "asr": 0.9949203133583069,
      "olr": 0.840783953666687,
      "cloud_fraction_0": 0.5164000391960144,
      "cloud_fraction_1": 0.5696523785591125,
      "cloud_fraction_2": 0.6615293622016907,
      "cloud_fraction_3": 0.7075791954994202,
      "cloud_fraction_4": 0.7062222361564636,
      "cloud_fraction_5": 0.726378321647644,
      "cloud_fraction_6": 0.7285934686660767,
      "cloud_fraction_7": 0.6593206524848938,
      "cloud_fraction_8": 0.4411980211734772,
      "cloud_fraction_9": 0.14263054728507996,
      "u_0": 0.7737648487091064,
      "u_1": 0.6985740065574646,
      "u_2": 0.6165553331375122,
      "u_3": 0.6325705051422119,
      "u_4": 0.6671705842018127,
      "u_5": 0.6881597638130188,
      "u_6": 0.6813081502914429,
      "u_7": 0.6074134111404419,
      "u_8": 0.3891652822494507,
      "u_9": 0.38222000002861023,
      "v_0": 0.6912940740585327,
      "v_1": 0.6488325595855713,
      "v_2": 0.6193794012069702,
      "v_3": 0.6288403272628784,
      "v_4": 0.6978573203086853,
      "v_5": 0.7478106021881104,
      "v_6": 0.7174245119094849,
      "v_7": 0.6733651161193848,
      "v_8": 0.5581322312355042,
      "v_9": 0.4883156418800354
    },
    "per_variable": {
      "surface_temperature": 0.9659863114356995,
      "temperature": 0.46302490383386613,
      "specific_humidity_dex": 0.7406726107001305,
      "cloud_fraction": 0.5859504222869873,
      "u": 0.6136901885271072,
      "v": 0.6471251785755158,
      "asr": 0.9949203133583069,
      "olr": 0.840783953666687
    }
  }
}
