{
  "subset": "multi-partial",
  "protocol": "shared_planets",
  "n_test": 60,
  "n_samples": 1,
  "rmse": {
    "per_field": {
      "surface_temperature": 17.72698211669922,
      "temperature_0": 14.168723106384277,
      "temperature_1": 13.733402252197266,
      "temperature_2": 13.001105308532715,
      "temperature_3": 12.779458045959473,
      "temperature_4": 12.87902545928955,
      "temperature_5": 13.298700332641602,
      "temperature_6": 14.45149040222168,
      "temperature_7": 17.44675636291504,
      "temperature_8": 19.393558502197266,
      "temperature_9": 16.327043533325195,
      "specific_humidity_0_dex": 0.45128726959228516,
      "specific_humidity_1_dex": 0.446607381105423,
      "specific_humidity_2_dex": 0.47846072912216187,
      "specific_humidity_3_dex": 0.5543630719184875,
      "specific_humidity_4_dex": 0.6351791620254517,
      "specific_humidity_5_dex": 0.7549552917480469,
      "specific_humidity_6_dex": 0.8718240261077881,
      "specific_humidity_7_dex": 0.9888407588005066,
      "specific_humidity_8_dex": 1.1144158840179443,
      "specific_humidity_9_dex": 1.1628618240356445,
      "asr": 54.92954635620117,
      "olr": 28.342466354370117,
      "cloud_fraction_0": 0.1180504634976387,
      "cloud_fraction_1": 0.10853426903486252,
      "cloud_fraction_2": 0.08686687052249908,
      "cloud_fraction_3": 0.06485860049724579,
      "cloud_fraction_4": 0.054751861840486526,
      "cloud_fraction_5": 0.05768691003322601,
      "cloud_fraction_6": 0.053380027413368225,
      "cloud_fraction_7": 0.04110768809914589,
      "cloud_fraction_8": 0.02919299528002739,
      "cloud_fraction_9": 0.0022965813986957073,
      "u_0": 4.1409125328063965,
      "u_1": 5.2853546142578125,
      "u_2": 7.851143836975098,
      "u_3": 10.386198997497559,
      "u_4": 12.354593276977539,
      "u_5": 13.521027565002441,
      "u_6": 15.19603157043457,
      "u_7": 17.10983657836914,
      "u_8": 19.680797576904297,
      "u_9": 21.316808700561523,
      "v_0": 2.9124083518981934,
      "v_1": 3.608586311340332,
      "v_2": 5.056325435638428,
      "v_3": 6.2896223068237305,
      "v_4": 6.7991623878479,
      "v_5": 6.889700412750244,
      "v_6": 7.019613265991211,
      "v_7": 6.665220737457275,
      "v_8": 5.914765357971191,
      "v_9": 4.23954439163208
    },
    "per_variable": {
      "surface_temperature": 17.72698211669922,
      "temperature": 14.747926330566406,
      "specific_humidity_dex": 0.745879539847374,
      "cloud_fraction": 0.061672626761719584,
      "u": 12.684270524978638,
      "v": 5.539494895935059,
      "asr": 54.92954635620117,
      "olr": 28.342466354370117
    }
  },
  "acc": {
    "per_field": {
      "surface_temperature": 0.9682384133338928,
      "temperature_0": 0.9183615446090698,
      "temperature_1": 0.8997238874435425,
      "temperature_2": 0.8682947158813477,
      "temperature_3": 0.814864993095398,
      "temperature_4": 0.5135749578475952,
      "temperature_5": -0.027719438076019287,
      "temperature_6": 0.045031461864709854,
      "temperature_7": 0.24295689165592194,
      "temperature_8": 0.20096686482429504,
      "temperature_9": 0.04572425037622452,
      "specific_humidity_0_dex": 0.9271796345710754,
      "specific_humidity_1_dex": 0.9107456803321838,
      "specific_humidity_2_dex": 0.8680034875869751,
      "specific_humidity_3_dex": 0.8370559811592102,
      "specific_humidity_4_dex": 0.8363348841667175,
      "specific_humidity_5_dex": 0.8575489521026611,
      "specific_humidity_6_dex": 0.8471437692642212,
      "specific_humidity_7_dex": 0.8377929329872131,
      "specific_humidity_8_dex": 0.4948381781578064,
      "specific_humidity_9_dex": 0.12838757038116455,
      "asr": 0.9946581125259399,
      "olr": 0.8578814268112183,
      "cloud_fraction_0": 0.5672067403793335,
      "cloud_fraction_1": 0.6243470311164856,
      "cloud_fraction_2": 0.7127892971038818,
      "cloud_fraction_3": 0.7345905900001526,
      "cloud_fraction_4": 0.7555016279220581,
      "cloud_fraction_5": 0.7806141376495361,
      "cloud_fraction_6": 0.7823877930641174,
      "cloud_fraction_7": 0.7137028574943542,
      "cloud_fraction_8": 0.4494149684906006,
      "cloud_fraction_9": 0.07717080414295197,
      "u_0": 0.7834340929985046,
      "u_1": 0.7160069942474365,
      "u_2": 0.65235435962677,
      "u_3": 0.6654174327850342,
      "u_4": 0.6899576783180237,
      "u_5": 0.713209331035614,
      "u_6": 0.7153187990188599,
      "u_7": 0.6238705515861511,
      "u_8": 0.40868037939071655,
      "u_9": 0.3498268723487854,
      "v_0": 0.7011253833770752,
      "v_1": 0.6611952185630798,
      "v_2": 0.6604093313217163,
      "v_3": 0.6896766424179077,
      "v_4": 0.7308045029640198,
      "v_5": 0.787524402141571,
      "v_6": 0.7793070673942566,
      "v_7": 0.7039408087730408,
      "v_8": 0.5674164891242981,
      "v_9": 0.3858102262020111
    },
    "per_variable": {
      "surface_temperature": 0.9682384133338928,
      "temperature": 0.4521780129522085,
      "specific_humidity_dex": 0.7545031070709228,
      "cloud_fraction": 0.6197725847363472,
      "u": 0.6318076491355896,
      "v": 0.6667210072278976,
      "asr": 0.9946581125259399,
      "olr": 0.8578814268112183
    }
  },
  "relative_rmse": {
    "per_field": {
      "surface_temperature": 1.198776364326477,
      "temperature_0": 1.2172768115997314,
      "temperature_1": 1.2555736303329468,
      "temperature_2": 1.2687499523162842,
      "temperature_3": 1.4570008516311646,
      "temperature_4": 1.4859997034072876,
      "temperature_5": 1.2090537548065186,
      "temperature_6": 1.238084077835083,
      "temperature_7": 1.780718207359314,
      "temperature_8": 2.43342661857605,
      "temperature_9": 1.8709287643432617,
      "specific_humidity_0_dex": 0.961174726486206,
      "specific_humidity_1_dex": 0.8943909406661987,
      "specific_humidity_2_dex": 0.8607591986656189,
      "specific_humidity_3_dex": 0.9061734676361084,
      "specific_humidity_4_dex": 0.9676227569580078,
      "specific_humidity_5_dex": 1.0019434690475464,
      "specific_humidity_6_dex": 1.0933821201324463,
      "specific_humidity_7_dex": 1.2258816957473755,
      "specific_humidity_8_dex": 2.119985342025757,
      "specific_humidity_9_dex": 1.9301031827926636,
      "asr": 1.2380317449569702,
      "olr": 0.914092481136322,
      "cloud_fraction_0": 0.3346026539802551,
      "cloud_fraction_1": 0.38349562883377075,
      "cloud_fraction_2": 0.47450536489486694,
      "cloud_fraction_3": 0.550826907157898,
      "cloud_fraction_4": 0.7173571586608887,
      "cloud_fraction_5": 0.533670961856842,
      "cloud_fraction_6": 1.3629757165908813,
      "cloud_fraction_7": 3.1933836936950684,
      "cloud_fraction_8": 43.92997360229492,
      "cloud_fraction_9": 55.90358352661133,
      "u_0": 0.9691318273544312,
      "u_1": 1.0648785829544067,
      "u_2": 1.231859803199768,
      "u_3": 1.204454779624939,
      "u_4": 1.0861443281173706,
      "u_5": 1.0280145406723022,
      "u_6": 1.0434445142745972,
      "u_7": 1.2409693002700806,
      "u_8": 2.1940557956695557,
      "u_9": 1.3954623937606812,
      "v_0": 1.043568730354309,
      "v_1": 1.1206337213516235,
      "v_2": 1.1143710613250732,
      "v_3": 1.0713025331497192,
      "v_4": 0.957895040512085,
      "v_5": 0.9509896039962769,
      "v_6": 0.9556158185005188,
      "v_7": 0.9735614657402039,
      "v_8": 1.667399525642395,
      "v_9": 5.014315128326416
    },
    "per_variable": {
      "surface_temperature": 1.1987762451171875,
      "temperature": 1.150805950164795,
      "specific_humidity_dex": 0.9785920977592468,
      "cloud_fraction": 0.3829227387905121,
      "u": 1.0261175632476807,
      "v": 0.9197996854782104,
      "asr": 1.2380318641662598,
      "olr": 0.9140925407409668
    }
  },
  "relative_acc": {
    "per_field": {
      "surface_temperature": 1.0470178127288818,
      "temperature_0": 1.1551378965377808,
      "temperature_1": 1.2022534608840942,