{
  "subset": "multi-complete",
  "protocol": "shared_planets",
  "n_test": 58,
  "n_samples": 1,
  "rmse": {
    "per_field": {
      "surface_temperature": 17.92881202697754,
      "temperature_0": 14.750091552734375,
      "temperature_1": 14.019375801086426,
      "temperature_2": 12.981844902038574,
      "temperature_3": 12.614742279052734,
      "temperature_4": 12.639261245727539,
      "temperature_5": 13.276018142700195,
      "temperature_6": 14.564994812011719,
      "temperature_7": 17.38926887512207,
      "temperature_8": 18.699359893798828,
      "specific_humidity_0_dex": 0.4592723250389099,
      "specific_humidity_1_dex": 0.4494546353816986,
      "specific_humidity_2_dex": 0.47913676500320435,
      "specific_humidity_3_dex": 0.5554434061050415,
      "specific_humidity_4_dex": 0.6396946907043457,
      "specific_humidity_5_dex": 0.7673580646514893,
      "specific_humidity_6_dex": 0.8892039656639099,
      "specific_humidity_7_dex": 1.004514455795288,
      "specific_humidity_8_dex": 1.1088420152664185,
      "asr": 42.07376480102539,
      "olr": 28.338483810424805,
      "cloud_fraction_0": 0.11650131642818451,
      "cloud_fraction_1": 0.10600036382675171,
      "cloud_fraction_2": 0.08266432583332062,
      "cloud_fraction_3": 0.0598619244992733,
      "cloud_fraction_4": 0.05090172588825226,
      "cloud_fraction_5": 0.05589918792247772,
      "cloud_fraction_6": 0.05208088085055351,
      "cloud_fraction_7": 0.039352189749479294,
      "cloud_fraction_8": 0.024859758093953133,
      "u_0": 4.174510955810547,
      "u_1": 5.313155651092529,
      "u_2": 7.864342212677002,
      "u_3": 10.400411605834961,
      "u_4": 12.340930938720703,
      "u_5": 13.426778793334961,
      "u_6": 15.41585636138916,
      "u_7": 18.445270538330078,
      "u_8": 22.94474220275879,
      "v_0": 2.8876097202301025,
      "v_1": 3.5653836727142334,
      "v_2": 5.037674427032471,
      "v_3": 6.290168285369873,
      "v_4": 6.771630764007568,
      "v_5": 6.785778045654297,
      "v_6": 6.826083183288574,
      "v_7": 6.460301399230957,
      "v_8": 6.01305627822876
    },
    "per_variable": {
      "surface_temperature": 17.92881202697754,
      "temperature": 14.548328611585829,
      "specific_humidity_dex": 0.7058800359567007,
      "cloud_fraction": 0.06534685256580512,
      "u": 12.258444362216526,
      "v": 5.626409530639648,
      "asr": 42.07376480102539,
      "olr": 28.338483810424805
    }
  },
  "acc": {
    "per_field": {
      "surface_temperature": 0.9693368077278137,
      "temperature_0": 0.9147222638130188,
      "temperature_1": 0.8979283571243286,
      "temperature_2": 0.864172101020813,
      "temperature_3": 0.7990479469299316,
      "temperature_4": 0.4803101718425751,
      "temperature_5": -0.0734153762459755,
      "temperature_6": 0.0196570735424757,
      "temperature_7": 0.11148242652416229,
      "temperature_8": 0.09199471026659012,
      "specific_humidity_0_dex": 0.9263615608215332,
      "specific_humidity_1_dex": 0.9095466732978821,
      "specific_humidity_2_dex": 0.8656697869300842,
      "specific_humidity_3_dex": 0.8340693116188049,
      "specific_humidity_4_dex": 0.8341401219367981,
      "specific_humidity_5_dex": 0.8557502031326294,
      "specific_humidity_6_dex": 0.8433834314346313,
      "specific_humidity_7_dex": 0.8305245041847229,
      "specific_humidity_8_dex": 0.4880234897136688,
      "asr": 0.9951134920120239,
      "olr": 0.8554545044898987,
      "cloud_fraction_0": 0.5350703597068787,
      "cloud_fraction_1": 0.562390148639679,
      "cloud_fraction_2": 0.695152997970581,
      "cloud_fraction_3": 0.7726197242736816,
      "cloud_fraction_4": 0.783937931060791,
      "cloud_fraction_5": 0.7928950190544128,
      "cloud_fraction_6": 0.7812964916229248,
      "cloud_fraction_7": 0.7292760014533997,
      "cloud_fraction_8": 0.4815067648887634,
      "u_0": 0.7752074599266052,
      "u_1": 0.7046893835067749,
      "u_2": 0.6370155811309814,
      "u_3": 0.6453936100006104,
      "u_4": 0.6603471636772156,
      "u_5": 0.6849416494369507,
      "u_6": 0.694553017616272,
      "u_7": 0.6073952317237854,
      "u_8": 0.3964378833770752,
      "v_0": 0.69212806224823,
      "v_1": 0.6482823491096497,
      "v_2": 0.6529769897460938,
      "v_3": 0.6839055418968201,
      "v_4": 0.7233347296714783,
      "v_5": 0.7760009169578552,
      "v_6": 0.7665687203407288,
      "v_7": 0.6887248754501343,
      "v_8": 0.5590888857841492
    },
    "per_variable": {
      "surface_temperature": 0.9693368077278137,
      "temperature": 0.45621107497976887,
      "specific_humidity_dex": 0.8208298981189728,
      "cloud_fraction": 0.6815717154079013,
      "u": 0.6451089978218079,
      "v": 0.6878901190227933,
      "asr": 0.9951134920120239,
      "olr": 0.8554545044898987
    }
  },
  "relative_rmse": {
    "per_field": {
      "surface_temperature": 1.2273492813110352,
      "temperature_0": 1.2732973098754883,
      "temperature_1": 1.280346155166626,
      "temperature_2": 1.261532187461853,
      "temperature_3": 1.436842441558838,
      "temperature_4": 1.4516905546188354,
      "temperature_5": 1.2075072526931763,
      "temperature_6": 1.2630305290222168,
      "temperature_7": 1.768054485321045,
      "temperature_8": 2.414266347885132,
      "specific_humidity_0_dex": 0.9806169867515564,
      "specific_humidity_1_dex": 0.8933324217796326,
      "specific_humidity_2_dex": 0.8522433042526245,
      "specific_humidity_3_dex": 0.8998366594314575,
      "specific_humidity_4_dex": 0.967029333114624,
      "specific_humidity_5_dex": 1.019087553024292,
      "specific_humidity_6_dex": 1.1318455934524536,
      "specific_humidity_7_dex": 1.2674254179000854,
      "specific_humidity_8_dex": 2.184670925140381,
      "asr": 0.9082302451133728,
      "olr": 0.9245034456253052,
      "cloud_fraction_0": 0.334098756313324,
      "cloud_fraction_1": 0.3759925663471222,
      "cloud_fraction_2": 0.4463668167591095,
      "cloud_fraction_3": 0.5286128520965576,
      "cloud_fraction_4": 0.7118479013442993,
      "cloud_fraction_5": 0.5301437377929688,
      "cloud_fraction_6": 1.323573350906372,
      "cloud_fraction_7": 2.752199411392212,
      "cloud_fraction_8": 33.46803665161133,
      "u_0": 0.9804155826568604,
      "u_1": 1.0815702676773071,
      "u_2": 1.2573186159133911,
      "u_3": 1.211367130279541,
      "u_4": 1.0896334648132324,
      "u_5": 1.0401500463485718,
      "u_6": 1.1056493520736694,
      "u_7": 1.4280186891555786,
      "u_8": 2.8789539337158203,
      "v_0": 1.0359658002853394,
      "v_1": 1.0975621938705444,
      "v_2": 1.1066395044326782,
      "v_3": 1.068696141242981,
      "v_4": 0.9574621319770813,
      "v_5": 0.9474704265594482,
      "v_6": 0.9437916874885559,
      "v_7": 0.9905600547790527,
      "v_8": 2.0121676921844482
    },
    "per_variable": {
      "surface_temperature": 1.2273491621017456,
      "temperature": 1.1870148181915283,
      "specific_humidity_dex": 1.0044342279434204,
      "cloud_fraction": 0.3738693296909332,
      "u": 1.1751781702041626,
      "v": 0.9639322757720947,
      "asr": 0.908230185508728,
      "olr": 0.9245034456253052
    }
  },
  "relative_acc": {
    "per_field": {
      "surface_temperature": 1.0486650466918945,
      "temperature_0": 1.155623197555542,
      "temperature_1": 1.206740140914917,
      "temperature_2": 1.2503663301467896,
      "temperature_3": 1.3627614974975586,
      "temperature_4": 0.9494215846061707,
      "temperature_5": -0.40510469675064087,
      "temperature_6": 0.06053417548537254,
      "temperature_7": 0.17096319794654846,
      "temperature_8": 0.11948710680007935,
      "specific_humidity_0_dex": 1.1216552257537842,
      "specific_humidity_1_dex": 1.1551032066345215,
      "specific_humidity_2_dex": 1.2750647068023682,
      "specific_humidity_3_dex": 1.6054691076278687,
      "specific_humidity_4_dex": 1.4607439041137695,
      "specific_humidity_5_dex": 1.1726996898651123,