{
  "subset": "multi-complete",
  "protocol": "standard",
  "n_test": 90,
  "n_samples": 1,
  "rmse": {
    "per_field": {
      "surface_temperature": 17.04987335205078,
      "temperature_0": 14.61801528930664,
      "temperature_1": 14.081941604614258,
      "temperature_2": 13.188544273376465,
      "temperature_3": 12.654216766357422,
      "temperature_4": 12.40709114074707,
      "temperature_5": 12.439813613891602,
      "temperature_6": 13.474092483520508,
      "temperature_7": 16.715970993041992,
      "temperature_8": 19.068553924560547,
      "specific_humidity_0_dex": 0.4727756083011627,
      "specific_humidity_1_dex": 0.46326810121536255,
      "specific_humidity_2_dex": 0.4790315330028534,
      "specific_humidity_3_dex": 0.5369123220443726,
      "specific_humidity_4_dex": 0.6052500605583191,
      "specific_humidity_5_dex": 0.7106168270111084,
      "specific_humidity_6_dex": 0.7939848303794861,
      "specific_humidity_7_dex": 0.8780861496925354,
      "specific_humidity_8_dex": 0.9830288290977478,
      "asr": 37.859500885009766,
      "olr": 25.307899475097656,
      "cloud_fraction_0": 0.12824209034442902,
      "cloud_fraction_1": 0.11427005380392075,
      "cloud_fraction_2": 0.08883161842823029,
      "cloud_fraction_3": 0.06480856984853745,
      "cloud_fraction_4": 0.057450782507658005,
      "cloud_fraction_5": 0.06264904886484146,
      "cloud_fraction_6": 0.05671807378530502,
      "cloud_fraction_7": 0.04212338849902153,
      "cloud_fraction_8": 0.024368347600102425,
      "u_0": 4.011625289916992,
      "u_1": 5.081601142883301,
      "u_2": 7.495712757110596,
      "u_3": 10.05756950378418,
      "u_4": 12.10879135131836,
      "u_5": 13.545602798461914,
      "u_6": 15.66529369354248,
      "u_7": 18.338794708251953,
      "u_8": 22.266326904296875,
      "v_0": 2.6671409606933594,
      "v_1": 3.280897617340088,
      "v_2": 4.646956443786621,
      "v_3": 5.8658623695373535,
      "v_4": 6.3663859367370605,
      "v_5": 6.524115085601807,
      "v_6": 6.682911396026611,
      "v_7": 6.420437812805176,
      "v_8": 6.10653829574585
    },
    "per_variable": {
      "surface_temperature": 17.04987335205078,
      "temperature": 14.294248898824057,
      "specific_humidity_dex": 0.6581060290336609,
      "cloud_fraction": 0.07105133040911621,
      "u": 12.063479794396294,
      "v": 5.395693990919325,
      "asr": 37.859500885009766,
      "olr": 25.307899475097656
    }
  },
  "acc": {
    "per_field": {
      "surface_temperature": 0.9671964049339294,
      "temperature_0": 0.8975110650062561,
      "temperature_1": 0.8784016966819763,
      "temperature_2": 0.8275271058082581,
      "temperature_3": 0.740983247756958,
      "temperature_4": 0.45224881172180176,
      "temperature_5": 0.036961402744054794,
      "temperature_6": 0.1263720840215683,
      "temperature_7": 0.15991871058940887,
      "temperature_8": 0.09346183389425278,
      "specific_humidity_0_dex": 0.9088069200515747,
      "specific_humidity_1_dex": 0.8906407952308655,
      "specific_humidity_2_dex": 0.8570556640625,
      "specific_humidity_3_dex": 0.8381804823875427,
      "specific_humidity_4_dex": 0.8428415656089783,
      "specific_humidity_5_dex": 0.8606826066970825,
      "specific_humidity_6_dex": 0.8464599847793579,
      "specific_humidity_7_dex": 0.801239013671875,
      "specific_humidity_8_dex": 0.48591190576553345,
      "asr": 0.995192289352417,
      "olr": 0.8392238020896912,
      "cloud_fraction_0": 0.4926320016384125,
      "cloud_fraction_1": 0.5282296538352966,
      "cloud_fraction_2": 0.6669456958770752,
      "cloud_fraction_3": 0.751202404499054,
      "cloud_fraction_4": 0.7408539056777954,
      "cloud_fraction_5": 0.7494774460792542,
      "cloud_fraction_6": 0.7385052442550659,
      "cloud_fraction_7": 0.6754013299942017,
      "cloud_fraction_8": 0.4627133309841156,
      "u_0": 0.7631682753562927,
      "u_1": 0.6842935085296631,
      "u_2": 0.5971474051475525,
      "u_3": 0.6101089715957642,
      "u_4": 0.6368454098701477,
      "u_5": 0.6601999998092651,
      "u_6": 0.6605392694473267,
      "u_7": 0.5868430733680725,
      "u_8": 0.3657572865486145,
      "v_0": 0.6918222904205322,
      "v_1": 0.6443561315536499,
      "v_2": 0.6141016483306885,
      "v_3": 0.6168497800827026,
      "v_4": 0.6844597458839417,
      "v_5": 0.7323718667030334,
      "v_6": 0.6996060609817505,
      "v_7": 0.6533870100975037,
      "v_8": 0.5395527482032776
    },
    "per_variable": {
      "surface_temperature": 0.9671964049339294,
      "temperature": 0.46815399535828167,
      "specific_humidity_dex": 0.8146465486950345,
      "cloud_fraction": 0.6451067792044746,
      "u": 0.618322577741411,
      "v": 0.65294525358412,
      "asr": 0.995192289352417,
      "olr": 0.8392238020896912
    }
  }
}
