{
  "subset": "single-complete",
  "protocol": "standard",
  "n_test": 50,
  "n_samples": 1,
  "rmse": {
    "per_field": {
      "surface_temperature": 13.942946434020996,
      "temperature_0": 8.168834686279297,
      "temperature_1": 8.105567932128906,
      "temperature_2": 7.731666088104248,
      "temperature_3": 7.702359199523926,
      "temperature_4": 8.0613431930542,
      "temperature_5": 9.01842975616455,
      "temperature_6": 9.882843017578125,
      "temperature_7": 11.962224006652832,
      "temperature_8": 14.334301948547363,
      "specific_humidity_0_dex": 0.4038993716239929,
      "specific_humidity_1_dex": 0.4103724956512451,
      "specific_humidity_2_dex": 0.4546688199043274,
      "specific_humidity_3_dex": 0.5162777304649353,
      "specific_humidity_4_dex": 0.571491003036499,
      "specific_humidity_5_dex": 0.6603229641914368,
      "specific_humidity_6_dex": 0.7523428201675415,
      "specific_humidity_7_dex": 0.7110081315040588,
      "specific_humidity_8_dex": 0.7207328081130981,
      "asr": 68.55120086669922,
      "olr": 27.2009220123291,
      "cloud_fraction_0": 0.1980263590812683,
      "cloud_fraction_1": 0.1688976287841797,
      "cloud_fraction_2": 0.12801453471183777,
      "cloud_fraction_3": 0.10697231441736221,
      "cloud_fraction_4": 0.09153720736503601,
      "cloud_fraction_5": 0.0995747372508049,
      "cloud_fraction_6": 0.08277413249015808,
      "cloud_fraction_7": 0.05276257172226906,
      "cloud_fraction_8": 0.03889414668083191,
      "u_0": 3.693601369857788,
      "u_1": 4.2050461769104,
      "u_2": 5.909907817840576,
      "u_3": 8.170031547546387,
      "u_4": 10.47375202178955,
      "u_5": 12.194379806518555,
      "u_6": 12.671356201171875,
      "u_7": 11.646941184997559,
      "u_8": 10.212987899780273,
      "v_0": 2.5379066467285156,
      "v_1": 3.220266342163086,
      "v_2": 4.386775016784668,
      "v_3": 5.4776740074157715,
      "v_4": 5.844157695770264,
      "v_5": 5.751623153686523,
      "v_6": 5.433309555053711,
      "v_7": 4.346503734588623,
      "v_8": 2.989982843399048
    },
    "per_variable": {
      "surface_temperature": 13.942946434020996,
      "temperature": 9.440841092003716,
      "specific_humidity_dex": 0.5779017938507928,
      "cloud_fraction": 0.107494848055972,
      "u": 8.797556002934774,
      "v": 4.4431332217322455,
      "asr": 68.55120086669922,
      "olr": 27.2009220123291
    }
  },
  "acc": {
    "per_field": {
      "surface_temperature": 0.9493057727813721,
      "temperature_0": 0.8950985074043274,
      "temperature_1": 0.865784764289856,
      "temperature_2": 0.802226722240448,
      "temperature_3": 0.6976460814476013,
      "temperature_4": 0.4388938844203949,
      "temperature_5": 0.22522352635860443,
      "temperature_6": 0.3503350019454956,
      "temperature_7": 0.42988747358322144,
      "temperature_8": 0.1517559140920639,
      "specific_humidity_0_dex": 0.91315096616745,
      "specific_humidity_1_dex": 0.8978201150894165,
      "specific_humidity_2_dex": 0.8575058579444885,
      "specific_humidity_3_dex": 0.8232598304748535,
      "specific_humidity_4_dex": 0.8266146183013916,
      "specific_humidity_5_dex": 0.846046507358551,
      "specific_humidity_6_dex": 0.7853795886039734,
      "specific_humidity_7_dex": 0.672680139541626,
      "specific_humidity_8_dex": 0.320300817489624,
      "asr": 0.9758015275001526,
      "olr": 0.8175722360610962,
      "cloud_fraction_0": 0.5328413248062134,
      "cloud_fraction_1": 0.5904486179351807,
      "cloud_fraction_2": 0.7031869292259216,
      "cloud_fraction_3": 0.7769857048988342,
      "cloud_fraction_4": 0.802560567855835,
      "cloud_fraction_5": 0.8096565008163452,
      "cloud_fraction_6": 0.794454038143158,
      "cloud_fraction_7": 0.6706578731536865,
      "cloud_fraction_8": 0.38099369406700134,
      "u_0": 0.790961742401123,
      "u_1": 0.7378518581390381,
      "u_2": 0.6814761161804199,
      "u_3": 0.6733853220939636,
      "u_4": 0.6627159118652344,
      "u_5": 0.6224863529205322,
      "u_6": 0.5779621005058289,
      "u_7": 0.4922705888748169,
      "u_8": 0.29242852330207825,
      "v_0": 0.7722617983818054,
      "v_1": 0.7022277116775513,
      "v_2": 0.6133878827095032,
      "v_3": 0.5672197341918945,
      "v_4": 0.6426592469215393,
      "v_5": 0.7078413963317871,
      "v_6": 0.6364179253578186,
      "v_7": 0.556403398513794,
      "v_8": 0.3959396779537201
    },
    "per_variable": {
      "surface_temperature": 0.9493057727813721,
      "temperature": 0.5396502084202237,
      "specific_humidity_dex": 0.771417604552375,
      "cloud_fraction": 0.6735316945446862,
      "u": 0.614615390698115,
      "v": 0.6215954191154904,
      "asr": 0.9758015275001526,
      "olr": 0.8175722360610962
    }
  }
}
