method,surface_temperature,temperature,specific_humidity_dex,cloud_fraction,u,v,asr,olr
gplfr,8.718557357788086,6.767530017428928,0.3971743020746443,0.06176453207929929,5.620527823766072,2.6716360913382635,23.974451065063477,14.92866325378418
ppca_icm,9.586636543273926,8.21320014529758,0.47370480828815037,0.08130976888868544,7.886241727405125,4.004773643281725,26.443889617919922,17.5284481048584
