{
  "subset": "multi-complete",
  "protocol": "shared_planets",
  "n_test": 58,
  "n_samples": 1,
  "rmse": {
    "per_field": {
      "surface_temperature": 12.622779846191406,
      "temperature_0": 10.310730934143066,
      "temperature_1": 9.45999813079834,
      "temperature_2": 9.288227081298828,
      "temperature_3": 9.68601131439209,
      "temperature_4": 10.323448181152344,
      "temperature_5": 11.39842414855957,
      "temperature_6": 12.37341022491455,
      "temperature_7": 12.537026405334473,
      "temperature_8": 12.516902923583984,
      "specific_humidity_0_dex": 0.3814244568347931,
      "specific_humidity_1_dex": 0.3851208984851837,
      "specific_humidity_2_dex": 0.42646220326423645,
      "specific_humidity_3_dex": 0.490086168050766,
      "specific_humidity_4_dex": 0.5523382425308228,
      "specific_humidity_5_dex": 0.6393759250640869,
      "specific_humidity_6_dex": 0.708524763584137,
      "specific_humidity_7_dex": 0.7249046564102173,
      "specific_humidity_8_dex": 0.7476305365562439,
      "asr": 39.502037048339844,
      "olr": 22.610599517822266,
      "cloud_fraction_0": 0.11019708216190338,
      "cloud_fraction_1": 0.09489672631025314,
      "cloud_fraction_2": 0.077263742685318,
      "cloud_fraction_3": 0.058461569249629974,
      "cloud_fraction_4": 0.05512305721640587,
      "cloud_fraction_5": 0.059003591537475586,
      "cloud_fraction_6": 0.04879466071724892,
      "cloud_fraction_7": 0.03486716002225876,
      "cloud_fraction_8": 0.022447066381573677,
      "u_0": 4.104662895202637,
      "u_1": 4.973369598388672,
      "u_2": 6.797011852264404,
      "u_3": 8.695913314819336,
      "u_4": 10.752250671386719,
      "u_5": 12.180196762084961,
      "u_6": 13.635692596435547,
      "u_7": 14.548543930053711,
      "u_8": 16.27297592163086,
      "v_0": 2.879987955093384,
      "v_1": 3.562927484512329,
      "v_2": 4.857059478759766,
      "v_3": 5.936369895935059,
      "v_4": 6.471678256988525,
      "v_5": 6.516515254974365,
      "v_6": 6.61907958984375,
      "v_7": 5.983358383178711,
      "v_8": 5.596103191375732
    },
    "per_variable": {
      "surface_temperature": 12.622779846191406,
      "temperature": 10.877131038241917,
      "specific_humidity_dex": 0.5617630945311652,
      "cloud_fraction": 0.06233940625356303,
      "u": 10.217846393585205,
      "v": 5.380342165629069,
      "asr": 39.502037048339844,
      "olr": 22.610599517822266
    }
  },
  "acc": {
    "per_field": {
      "surface_temperature": 0.9608883857727051,
      "temperature_0": 0.9061194062232971,
      "temperature_1": 0.8907710909843445,
      "temperature_2": 0.8589945435523987,
      "temperature_3": 0.7692272067070007,
      "temperature_4": 0.5190656781196594,
      "temperature_5": 0.20080852508544922,
      "temperature_6": 0.3011944591999054,
      "temperature_7": 0.5817873477935791,
      "temperature_8": 0.3394794166088104,
      "specific_humidity_0_dex": 0.920254647731781,
      "specific_humidity_1_dex": 0.895211935043335,
      "specific_humidity_2_dex": 0.8487988114356995,
      "specific_humidity_3_dex": 0.8176629543304443,
      "specific_humidity_4_dex": 0.8217473030090332,
      "specific_humidity_5_dex": 0.8432648181915283,
      "specific_humidity_6_dex": 0.8286799788475037,
      "specific_humidity_7_dex": 0.7884809374809265,
      "specific_humidity_8_dex": 0.4309263527393341,
      "asr": 0.9928370118141174,
      "olr": 0.8578422665596008,
      "cloud_fraction_0": 0.5416470170021057,
      "cloud_fraction_1": 0.6115239858627319,
      "cloud_fraction_2": 0.6331961154937744,
      "cloud_fraction_3": 0.6857777237892151,
      "cloud_fraction_4": 0.7435874342918396,
      "cloud_fraction_5": 0.8149398565292358,
      "cloud_fraction_6": 0.8095290064811707,
      "cloud_fraction_7": 0.7168723940849304,
      "cloud_fraction_8": 0.44547438621520996,
      "u_0": 0.7661290168762207,
      "u_1": 0.6988705396652222,
      "u_2": 0.6717942357063293,
      "u_3": 0.7017268538475037,
      "u_4": 0.6814740896224976,
      "u_5": 0.6761177778244019,
      "u_6": 0.6607102155685425,
      "u_7": 0.5708473324775696,
      "u_8": 0.4280517101287842,
      "v_0": 0.7005963921546936,
      "v_1": 0.6410636901855469,
      "v_2": 0.6116474866867065,
      "v_3": 0.6604519486427307,
      "v_4": 0.7070200443267822,
      "v_5": 0.7662703990936279,
      "v_6": 0.7249733209609985,
      "v_7": 0.6397606134414673,
      "v_8": 0.5378606915473938
    },
    "per_variable": {
      "surface_temperature": 0.9608883857727051,
      "temperature": 0.5963830749193827,
      "specific_humidity_dex": 0.7994475265343984,
      "cloud_fraction": 0.6669497688611349,
      "u": 0.650635752413008,
      "v": 0.6655160652266608,
      "asr": 0.9928370118141174,
      "olr": 0.8578422665596008
    }
  },
  "relative_rmse": {
    "per_field": {
      "surface_temperature": 0.8315759301185608,
      "temperature_0": 0.9076051115989685,
      "temperature_1": 0.8446952700614929,
      "temperature_2": 0.8646921515464783,
      "temperature_3": 1.0642141103744507,
      "temperature_4": 1.2954105138778687,
      "temperature_5": 1.2995083332061768,
      "temperature_6": 1.3731571435928345,
      "temperature_7": 1.483906626701355,
      "temperature_8": 2.0662083625793457,
      "specific_humidity_0_dex": 0.7630140781402588,
      "specific_humidity_1_dex": 0.7306596636772156,
      "specific_humidity_2_dex": 0.7205356359481812,
      "specific_humidity_3_dex": 0.7445870041847229,
      "specific_humidity_4_dex": 0.7471383213996887,
      "specific_humidity_5_dex": 0.7596837282180786,
      "specific_humidity_6_dex": 0.80107581615448,
      "specific_humidity_7_dex": 0.8438320159912109,
      "specific_humidity_8_dex": 1.2417446374893188,
      "asr": 0.8548805713653564,
      "olr": 0.7193819880485535,
      "cloud_fraction_0": 0.3294549882411957,
      "cloud_fraction_1": 0.35329481959342957,
      "cloud_fraction_2": 0.4259266257286072,
      "cloud_fraction_3": 0.41880089044570923,
      "cloud_fraction_4": 0.6122099161148071,
      "cloud_fraction_5": 0.577157735824585,
      "cloud_fraction_6": 1.2147753238677979,
      "cloud_fraction_7": 2.786139488220215,
      "cloud_fraction_8": 34.71792984008789,
      "u_0": 0.9037976861000061,
      "u_1": 0.9131656289100647,
      "u_2": 0.946332573890686,
      "u_3": 0.8973819613456726,
      "u_4": 0.865047037601471,
      "u_5": 0.8218980431556702,
      "u_6": 0.83406001329422,
      "u_7": 0.976917028427124,
      "u_8": 1.7970181703567505,
      "v_0": 0.9124376177787781,
      "v_1": 0.9387737512588501,
      "v_2": 0.9222490191459656,
      "v_3": 0.8895232677459717,
      "v_4": 0.8324547410011292,
      "v_5": 0.8479225039482117,
      "v_6": 0.8985340595245361,
      "v_7": 0.9175446629524231,
      "v_8": 1.5631489753723145
    },
    "per_variable": {
      "surface_temperature": 0.8315759897232056,
      "temperature": 0.8910722136497498,
      "specific_humidity_dex": 0.7440940141677856,
      "cloud_fraction": 0.35745659470558167,
      "u": 0.8900807499885559,
      "v": 0.8562441468238831,
      "asr": 0.8548806309700012,
      "olr": 0.7193819284439087
    }
  },
  "relative_acc": {
    "per_field": {
      "surface_temperature": 1.0396088361740112,
      "temperature_0": 1.1426966190338135,
      "temperature_1": 1.1938111782073975,
      "temperature_2": 1.2432706356048584,
      "temperature_3": 1.2372511625289917,
      "temperature_4": 1.4543763399124146,
      "temperature_5": 0.08731850981712341,
      "temperature_6": 0.7433215975761414,
      "temperature_7": 0.7577629685401917,
      "temperature_8": 0.6938470602035522,
      "specific_humidity_0_dex": 1.1191214323043823,
      "specific_humidity_1_dex": 1.144053339958191,
      "specific_humidity_2_dex": 1.2640455961227417,
      "specific_humidity_3_dex": 1.6182101964950562,
      "specific_humidity_4_dex": 1.4253222942352295,
      "specific_humidity_5_dex": 1.1253726482391357,