{
  "subset": "multi-complete",
  "protocol": "standard",
  "n_test": 90,
  "n_samples": 1,
  "rmse": {
    "per_field": {
      "surface_temperature": 12.497551918029785,
      "temperature_0": 10.034104347229004,
      "temperature_1": 9.312686920166016,
      "temperature_2": 9.01118278503418,
      "temperature_3": 9.118449211120605,
      "temperature_4": 9.675237655639648,
      "temperature_5": 10.909218788146973,
      "temperature_6": 12.106927871704102,
      "temperature_7": 12.729629516601562,
      "temperature_8": 14.049483299255371,
      "specific_humidity_0_dex": 0.38614311814308167,
      "specific_humidity_1_dex": 0.3835345506668091,
      "specific_humidity_2_dex": 0.41422560811042786,
      "specific_humidity_3_dex": 0.4639062285423279,
      "specific_humidity_4_dex": 0.5158438682556152,
      "specific_humidity_5_dex": 0.5940703749656677,
      "specific_humidity_6_dex": 0.6695448756217957,
      "specific_humidity_7_dex": 0.7076482772827148,
      "specific_humidity_8_dex": 0.74737548828125,
      "asr": 36.604637145996094,
      "olr": 20.326066970825195,
      "cloud_fraction_0": 0.11245604604482651,
      "cloud_fraction_1": 0.09857825934886932,
      "cloud_fraction_2": 0.07970711588859558,
      "cloud_fraction_3": 0.06054377928376198,
      "cloud_fraction_4": 0.0560162216424942,
      "cloud_fraction_5": 0.06160661205649376,
      "cloud_fraction_6": 0.05116180330514908,
      "cloud_fraction_7": 0.0364360511302948,
      "cloud_fraction_8": 0.022530067712068558,
      "u_0": 3.772630214691162,
      "u_1": 4.5454254150390625,
      "u_2": 6.327066421508789,
      "u_3": 8.228275299072266,
      "u_4": 10.2162446975708,
      "u_5": 11.727819442749023,
      "u_6": 13.41745376586914,
      "u_7": 14.888422012329102,
      "u_8": 16.85902976989746,
      "v_0": 2.599470615386963,
      "v_1": 3.1918141841888428,
      "v_2": 4.361079692840576,
      "v_3": 5.34149694442749,
      "v_4": 5.80214786529541,
      "v_5": 6.0620551109313965,
      "v_6": 6.253355026245117,
      "v_7": 5.8915839195251465,
      "v_8": 5.648116111755371
    },
    "per_variable": {
      "surface_temperature": 12.497551918029785,
      "temperature": 10.771880043877495,
      "specific_humidity_dex": 0.5424769322077433,
      "cloud_fraction": 0.06433732849028376,
      "u": 9.998040782080757,
      "v": 5.016791052288479,
      "asr": 36.604637145996094,
      "olr": 20.326066970825195
    }
  },
  "acc": {
    "per_field": {
      "surface_temperature": 0.939522385597229,
      "temperature_0": 0.8994988203048706,
      "temperature_1": 0.881906270980835,
      "temperature_2": 0.8330152630805969,
      "temperature_3": 0.7159577012062073,
      "temperature_4": 0.5291740298271179,
      "temperature_5": 0.2839621603488922,
      "temperature_6": 0.34882959723472595,
      "temperature_7": 0.4995449185371399,
      "temperature_8": 0.3553707003593445,
      "specific_humidity_0_dex": 0.9002039432525635,
      "specific_humidity_1_dex": 0.879030168056488,
      "specific_humidity_2_dex": 0.8410735130310059,
      "specific_humidity_3_dex": 0.8132910132408142,
      "specific_humidity_4_dex": 0.8102489113807678,
      "specific_humidity_5_dex": 0.82666015625,
      "specific_humidity_6_dex": 0.8135086297988892,
      "specific_humidity_7_dex": 0.7545258402824402,
      "specific_humidity_8_dex": 0.4287392199039459,
      "asr": 0.9928659796714783,
      "olr": 0.8355013728141785,
      "cloud_fraction_0": 0.5493922233581543,
      "cloud_fraction_1": 0.6084833741188049,
      "cloud_fraction_2": 0.6361364722251892,
      "cloud_fraction_3": 0.6908147931098938,
      "cloud_fraction_4": 0.7098128795623779,
      "cloud_fraction_5": 0.7637083530426025,
      "cloud_fraction_6": 0.7445814609527588,
      "cloud_fraction_7": 0.6594985723495483,
      "cloud_fraction_8": 0.43774375319480896,
      "u_0": 0.7616813778877258,
      "u_1": 0.6911205053329468,
      "u_2": 0.6498088240623474,
      "u_3": 0.6721014380455017,
      "u_4": 0.6677731871604919,
      "u_5": 0.6633419394493103,
      "u_6": 0.6405052542686462,
      "u_7": 0.5569314360618591,
      "u_8": 0.4160456657409668,
      "v_0": 0.7147314548492432,
      "v_1": 0.6588516235351562,
      "v_2": 0.5962757468223572,
      "v_3": 0.608749508857727,
      "v_4": 0.6657800078392029,
      "v_5": 0.7056747078895569,
      "v_6": 0.661116898059845,
      "v_7": 0.5874556303024292,
      "v_8": 0.50312739610672
    },
    "per_variable": {
      "surface_temperature": 0.939522385597229,
      "temperature": 0.594139940208859,
      "specific_humidity_dex": 0.7852534883552127,
      "cloud_fraction": 0.6444635424349043,
      "u": 0.635478847556644,
      "v": 0.6335292193624709,
      "asr": 0.9928659796714783,
      "olr": 0.8355013728141785
    }
  }
}
