{
  "subset": "multi-partial",
  "protocol": "standard",
  "n_test": 100,
  "n_samples": 1,
  "rmse": {
    "per_field": {
      "surface_temperature": 15.4172945022583,
      "temperature_0": 10.428175926208496,
      "temperature_1": 9.887045860290527,
      "temperature_2": 9.353229522705078,
      "temperature_3": 9.0635986328125,
      "temperature_4": 9.417220115661621,
      "temperature_5": 9.901899337768555,
      "temperature_6": 10.217248916625977,
      "temperature_7": 11.748688697814941,
      "temperature_8": 16.082958221435547,
      "temperature_9": 13.57446575164795,
      "specific_humidity_0_dex": 0.4497191905975342,
      "specific_humidity_1_dex": 0.4399992823600769,
      "specific_humidity_2_dex": 0.44785362482070923,
      "specific_humidity_3_dex": 0.48510146141052246,
      "specific_humidity_4_dex": 0.5358948111534119,
      "specific_humidity_5_dex": 0.6144086718559265,
      "specific_humidity_6_dex": 0.693778932094574,
      "specific_humidity_7_dex": 0.7491471171379089,
      "specific_humidity_8_dex": 0.9434722661972046,
      "specific_humidity_9_dex": 0.8479731678962708,
      "asr": 91.38758087158203,
      "olr": 29.06109046936035,
      "cloud_fraction_0": 0.12697209417819977,
      "cloud_fraction_1": 0.10964071750640869,
      "cloud_fraction_2": 0.08498688042163849,
      "cloud_fraction_3": 0.06693101674318314,
      "cloud_fraction_4": 0.05863029509782791,
      "cloud_fraction_5": 0.05921556428074837,
      "cloud_fraction_6": 0.05562521144747734,
      "cloud_fraction_7": 0.04307754337787628,
      "cloud_fraction_8": 0.026313738897442818,
      "cloud_fraction_9": 0.00552657525986433,
      "u_0": 4.076609134674072,
      "u_1": 4.831850528717041,
      "u_2": 6.8146281242370605,
      "u_3": 9.038161277770996,
      "u_4": 10.905962944030762,
      "u_5": 12.5486421585083,
      "u_6": 14.166284561157227,
      "u_7": 14.918193817138672,
      "u_8": 17.78370475769043,
      "u_9": 25.410287857055664,
      "v_0": 2.823833465576172,
      "v_1": 3.395617961883545,
      "v_2": 4.615718841552734,
      "v_3": 5.666182518005371,
      "v_4": 6.158200740814209,
      "v_5": 6.385841369628906,
      "v_6": 6.406342506408691,
      "v_7": 5.897677421569824,
      "v_8": 5.241216659545898,
      "v_9": 5.142784595489502
    },
    "per_variable": {
      "surface_temperature": 15.4172945022583,
      "temperature": 10.967453098297119,
      "specific_humidity_dex": 0.6207348525524139,
      "cloud_fraction": 0.06369196372106671,
      "u": 12.049432516098022,
      "v": 5.173341608047485,
      "asr": 91.38758087158203,
      "olr": 29.06109046936035
    }
  },
  "acc": {
    "per_field": {
      "surface_temperature": 0.924899697303772,
      "temperature_0": 0.8417023420333862,
      "temperature_1": 0.8154064416885376,
      "temperature_2": 0.7704355120658875,
      "temperature_3": 0.6930699348449707,
      "temperature_4": 0.5273893475532532,
      "temperature_5": 0.2932248115539551,
      "temperature_6": 0.259819895029068,
      "temperature_7": 0.19487223029136658,
      "temperature_8": 0.04460733383893967,
      "temperature_9": -0.08718235790729523,
      "specific_humidity_0_dex": 0.8297070264816284,
      "specific_humidity_1_dex": 0.8100168704986572,
      "specific_humidity_2_dex": 0.7785012125968933,
      "specific_humidity_3_dex": 0.755627453327179,
      "specific_humidity_4_dex": 0.7467149496078491,
      "specific_humidity_5_dex": 0.7453939914703369,
      "specific_humidity_6_dex": 0.7092821002006531,
      "specific_humidity_7_dex": 0.6095373630523682,
      "specific_humidity_8_dex": 0.22377388179302216,
      "specific_humidity_9_dex": 0.11177613586187363,
      "asr": 0.9633331298828125,
      "olr": 0.7089260816574097,
      "cloud_fraction_0": 0.4934748709201813,
      "cloud_fraction_1": 0.5664509534835815,
      "cloud_fraction_2": 0.6560170650482178,
      "cloud_fraction_3": 0.7107461094856262,
      "cloud_fraction_4": 0.7177882194519043,
      "cloud_fraction_5": 0.7205432057380676,
      "cloud_fraction_6": 0.6942442059516907,
      "cloud_fraction_7": 0.6167940497398376,
      "cloud_fraction_8": 0.3947669565677643,
      "cloud_fraction_9": 0.056164827197790146,
      "u_0": 0.7455790638923645,
      "u_1": 0.6677917242050171,
      "u_2": 0.5965425372123718,
      "u_3": 0.5747406482696533,
      "u_4": 0.6084815859794617,
      "u_5": 0.6430423855781555,
      "u_6": 0.6426026225090027,
      "u_7": 0.5305367708206177,
      "u_8": 0.29611021280288696,
      "u_9": 0.27574875950813293,
      "v_0": 0.6367471218109131,
      "v_1": 0.5896764397621155,
      "v_2": 0.5633323192596436,
      "v_3": 0.6193652749061584,
      "v_4": 0.6929375529289246,
      "v_5": 0.7390121221542358,
      "v_6": 0.7228056192398071,
      "v_7": 0.6747283935546875,
      "v_8": 0.5372627377510071,
      "v_9": 0.45431604981422424
    },
    "per_variable": {
      "surface_temperature": 0.924899697303772,
      "temperature": 0.43533454909920694,
      "specific_humidity_dex": 0.6320330984890461,
      "cloud_fraction": 0.5626990463584661,
      "u": 0.5581176310777665,
      "v": 0.6230183631181717,
      "asr": 0.9633331298828125,
      "olr": 0.7089260816574097
    }
  }
}
