{
  "subset": "multi-partial",
  "protocol": "shared_planets",
  "n_test": 60,
  "n_samples": 1,
  "rmse": {
    "per_field": {
      "surface_temperature": 15.657968521118164,
      "temperature_0": 9.878825187683105,
      "temperature_1": 9.1727933883667,
      "temperature_2": 8.635406494140625,
      "temperature_3": 8.496901512145996,
      "temperature_4": 8.801321029663086,
      "temperature_5": 9.466874122619629,
      "temperature_6": 10.382123947143555,
      "temperature_7": 11.371150016784668,
      "temperature_8": 13.823426246643066,
      "temperature_9": 13.373926162719727,
      "specific_humidity_0_dex": 0.41881969571113586,
      "specific_humidity_1_dex": 0.4201522469520569,
      "specific_humidity_2_dex": 0.438757061958313,
      "specific_humidity_3_dex": 0.4962256848812103,
      "specific_humidity_4_dex": 0.5739325881004333,
      "specific_humidity_5_dex": 0.6709623336791992,
      "specific_humidity_6_dex": 0.7516618371009827,
      "specific_humidity_7_dex": 0.7844817042350769,
      "specific_humidity_8_dex": 0.9125036001205444,
      "specific_humidity_9_dex": 0.8610785007476807,
      "asr": 97.50498962402344,
      "olr": 32.69647216796875,
      "cloud_fraction_0": 0.11613008379936218,
      "cloud_fraction_1": 0.10094910115003586,
      "cloud_fraction_2": 0.07933393865823746,
      "cloud_fraction_3": 0.060558710247278214,
      "cloud_fraction_4": 0.05399997904896736,
      "cloud_fraction_5": 0.05508509278297424,
      "cloud_fraction_6": 0.05302032455801964,
      "cloud_fraction_7": 0.04145539179444313,
      "cloud_fraction_8": 0.028217248618602753,
      "cloud_fraction_9": 0.0024335335474461317,
      "u_0": 4.184579372406006,
      "u_1": 5.14254903793335,
      "u_2": 7.367166996002197,
      "u_3": 9.517721176147461,
      "u_4": 11.438955307006836,
      "u_5": 13.136700630187988,
      "u_6": 14.674121856689453,
      "u_7": 14.308793067932129,
      "u_8": 16.65498161315918,
      "u_9": 22.500154495239258,
      "v_0": 3.003296375274658,
      "v_1": 3.64229416847229,
      "v_2": 4.901639461517334,
      "v_3": 5.925633430480957,
      "v_4": 6.427596569061279,
      "v_5": 6.546736240386963,
      "v_6": 6.539184093475342,
      "v_7": 5.855661869049072,
      "v_8": 5.106130123138428,
      "v_9": 4.2880706787109375
    },
    "per_variable": {
      "surface_temperature": 15.657968521118164,
      "temperature": 10.340274810791016,
      "specific_humidity_dex": 0.6328575253486634,
      "cloud_fraction": 0.059118340420536694,
      "u": 11.892572355270385,
      "v": 5.223624300956726,
      "asr": 97.50498962402344,
      "olr": 32.69647216796875
    }
  },
  "acc": {
    "per_field": {
      "surface_temperature": 0.9285382032394409,
      "temperature_0": 0.8541290760040283,
      "temperature_1": 0.824840784072876,
      "temperature_2": 0.7828689813613892,
      "temperature_3": 0.705763578414917,
      "temperature_4": 0.5143353939056396,
      "temperature_5": 0.24073456227779388,
      "temperature_6": 0.2159126251935959,
      "temperature_7": 0.19067521393299103,
      "temperature_8": 0.06033867597579956,
      "temperature_9": -0.1478721797466278,
      "specific_humidity_0_dex": 0.8731518983840942,
      "specific_humidity_1_dex": 0.8458273410797119,
      "specific_humidity_2_dex": 0.8037501573562622,
      "specific_humidity_3_dex": 0.7696645259857178,
      "specific_humidity_4_dex": 0.7612437009811401,
      "specific_humidity_5_dex": 0.7709946036338806,
      "specific_humidity_6_dex": 0.732844352722168,
      "specific_humidity_7_dex": 0.6336772441864014,
      "specific_humidity_8_dex": 0.18212442100048065,
      "specific_humidity_9_dex": 0.06132454052567482,
      "asr": 0.9599947333335876,
      "olr": 0.7128154039382935,
      "cloud_fraction_0": 0.5132563710212708,
      "cloud_fraction_1": 0.5912995934486389,
      "cloud_fraction_2": 0.6799184083938599,
      "cloud_fraction_3": 0.764439582824707,
      "cloud_fraction_4": 0.7894385457038879,
      "cloud_fraction_5": 0.80024254322052,
      "cloud_fraction_6": 0.770760178565979,
      "cloud_fraction_7": 0.6540855169296265,
      "cloud_fraction_8": 0.40994521975517273,
      "cloud_fraction_9": 0.015088177286088467,
      "u_0": 0.7654704451560974,
      "u_1": 0.6860299706459045,
      "u_2": 0.6273859143257141,
      "u_3": 0.6082865595817566,
      "u_4": 0.6318140625953674,
      "u_5": 0.6751157641410828,
      "u_6": 0.6886040568351746,
      "u_7": 0.5660178661346436,
      "u_8": 0.30435076355934143,
      "u_9": 0.20463426411151886,
      "v_0": 0.6550601124763489,
      "v_1": 0.6125648021697998,
      "v_2": 0.6190306544303894,
      "v_3": 0.6833539605140686,
      "v_4": 0.7248826622962952,
      "v_5": 0.7770377993583679,
      "v_6": 0.7730960845947266,
      "v_7": 0.6909722089767456,
      "v_8": 0.5381028652191162,
      "v_9": 0.3811328113079071
    },
    "per_variable": {
      "surface_temperature": 0.9285382032394409,
      "temperature": 0.4241726711392403,
      "specific_humidity_dex": 0.6434602785855532,
      "cloud_fraction": 0.5988474137149751,
      "u": 0.5757709667086601,
      "v": 0.6455233961343765,
      "asr": 0.9599947333335876,
      "olr": 0.7128154039382935
    }
  },
  "relative_rmse": {
    "per_field": {
      "surface_temperature": 1.0459448099136353,
      "temperature_0": 0.8423191905021667,
      "temperature_1": 0.8326040506362915,
      "temperature_2": 0.827765703201294,
      "temperature_3": 0.9554492831230164,
      "temperature_4": 1.0662331581115723,
      "temperature_5": 1.0304176807403564,
      "temperature_6": 1.1388434171676636,
      "temperature_7": 1.3430451154708862,
      "temperature_8": 2.6068835258483887,
      "temperature_9": 1.9543696641921997,
      "specific_humidity_0_dex": 0.8520431518554688,
      "specific_humidity_1_dex": 0.8096333146095276,
      "specific_humidity_2_dex": 0.7847608923912048,
      "specific_humidity_3_dex": 0.8174372911453247,
      "specific_humidity_4_dex": 0.8651227355003357,
      "specific_humidity_5_dex": 0.8833953142166138,
      "specific_humidity_6_dex": 0.9716250896453857,
      "specific_humidity_7_dex": 1.0491758584976196,
      "specific_humidity_8_dex": 1.91473388671875,
      "specific_humidity_9_dex": 1.5980470180511475,
      "asr": 2.3458335399627686,
      "olr": 1.069139003753662,
      "cloud_fraction_0": 0.3325043022632599,
      "cloud_fraction_1": 0.3623138964176178,
      "cloud_fraction_2": 0.45066002011299133,
      "cloud_fraction_3": 0.40948760509490967,
      "cloud_fraction_4": 0.4289870858192444,
      "cloud_fraction_5": 0.3956553339958191,
      "cloud_fraction_6": 0.8534842133522034,
      "cloud_fraction_7": 1.3180607557296753,
      "cloud_fraction_8": 14.510077476501465,
      "cloud_fraction_9": 131.39698791503906,
      "u_0": 0.9759021997451782,
      "u_1": 1.0188523530960083,
      "u_2": 1.1823230981826782,
      "u_3": 1.1103838682174683,
      "u_4": 1.0256606340408325,
      "u_5": 0.9784209132194519,
      "u_6": 0.93833988904953,
      "u_7": 0.8774725794792175,
      "u_8": 1.565011978149414,
      "u_9": 1.0156043767929077,
      "v_0": 1.0041593313217163,
      "v_1": 1.027579426765442,
      "v_2": 1.0260393619537354,
      "v_3": 0.9881016612052917,
      "v_4": 0.9056404232978821,
      "v_5": 0.923597514629364,
      "v_6": 0.9234136343002319,
      "v_7": 0.8548812866210938,
      "v_8": 1.2355095148086548,
      "v_9": 3.2614715099334717
    },
    "per_variable": {
      "surface_temperature": 1.0459448099136353,
      "temperature": 0.857069730758667,
      "specific_humidity_dex": 0.8657429814338684,
      "cloud_fraction": 0.36188265681266785,
      "u": 0.8894413709640503,
      "v": 0.8543832302093506,
      "asr": 2.3458335399627686,
      "olr": 1.069139003753662
    }
  },
  "relative_acc": {
    "per_field": {
      "surface_temperature": 1.0043309926986694,
      "temperature_0": 1.0735746622085571,
      "temperature_1": 1.1022862195968628,