{
  "subset": "multi-complete",
  "protocol": "shared_planets",
  "n_test": 58,
  "n_samples": 1,
  "rmse": {
    "per_field": {
      "surface_temperature": 20.469118118286133,
      "temperature_0": 11.002185821533203,
      "temperature_1": 10.4733304977417,
      "temperature_2": 10.394064903259277,
      "temperature_3": 10.406730651855469,
      "temperature_4": 10.621916770935059,
      "temperature_5": 10.934328079223633,
      "temperature_6": 11.432867050170898,
      "temperature_7": 13.18856430053711,
      "temperature_8": 13.141160011291504,
      "specific_humidity_0_dex": 0.5134710669517517,
      "specific_humidity_1_dex": 0.4918038547039032,
      "specific_humidity_2_dex": 0.5188565254211426,
      "specific_humidity_3_dex": 0.5881606340408325,
      "specific_humidity_4_dex": 0.6650501489639282,
      "specific_humidity_5_dex": 0.7539337277412415,
      "specific_humidity_6_dex": 0.8244640231132507,
      "specific_humidity_7_dex": 0.8719412684440613,
      "specific_humidity_8_dex": 0.9613115787506104,
      "asr": 99.49128723144531,
      "olr": 31.517030715942383,
      "cloud_fraction_0": 0.1157020777463913,
      "cloud_fraction_1": 0.09842271357774734,
      "cloud_fraction_2": 0.07830799371004105,
      "cloud_fraction_3": 0.06535284221172333,
      "cloud_fraction_4": 0.0590648427605629,
      "cloud_fraction_5": 0.058088406920433044,
      "cloud_fraction_6": 0.05561379715800285,
      "cloud_fraction_7": 0.0398835651576519,
      "cloud_fraction_8": 0.022627156227827072,
      "u_0": 4.298753261566162,
      "u_1": 5.217780113220215,
      "u_2": 7.776818752288818,
      "u_3": 9.777695655822754,
      "u_4": 11.08976936340332,
      "u_5": 11.886371612548828,
      "u_6": 13.238025665283203,
      "u_7": 14.042016983032227,
      "u_8": 16.730792999267578,
      "v_0": 2.8659286499023438,
      "v_1": 3.4844679832458496,
      "v_2": 4.821424961090088,
      "v_3": 5.971190452575684,
      "v_4": 6.4038896560668945,
      "v_5": 6.452611923217773,
      "v_6": 6.498763084411621,
      "v_7": 5.767336845397949,
      "v_8": 5.447082996368408
    },
    "per_variable": {
      "surface_temperature": 20.469118118286133,
      "temperature": 11.288349787394205,
      "specific_humidity_dex": 0.6876658697923025,
      "cloud_fraction": 0.0658959328300423,
      "u": 10.45089160071479,
      "v": 5.301410728030735,
      "asr": 99.49128723144531,
      "olr": 31.517030715942383
    }
  },
  "acc": {
    "per_field": {
      "surface_temperature": 0.940568745136261,
      "temperature_0": 0.8606961369514465,
      "temperature_1": 0.7923543453216553,
      "temperature_2": 0.6855367422103882,
      "temperature_3": 0.572245180606842,
      "temperature_4": 0.31833481788635254,
      "temperature_5": 0.030344484373927116,
      "temperature_6": 0.04375148564577103,
      "temperature_7": 0.10946868360042572,
      "temperature_8": 0.1305805742740631,
      "specific_humidity_0_dex": 0.871506929397583,
      "specific_humidity_1_dex": 0.8372635841369629,
      "specific_humidity_2_dex": 0.7638169527053833,
      "specific_humidity_3_dex": 0.7173831462860107,
      "specific_humidity_4_dex": 0.7262454628944397,
      "specific_humidity_5_dex": 0.7496175169944763,
      "specific_humidity_6_dex": 0.7099588513374329,
      "specific_humidity_7_dex": 0.5820356607437134,
      "specific_humidity_8_dex": 0.17318156361579895,
      "asr": 0.9700843095779419,
      "olr": 0.7534255981445312,
      "cloud_fraction_0": 0.5036926865577698,
      "cloud_fraction_1": 0.6057935953140259,
      "cloud_fraction_2": 0.6965349316596985,
      "cloud_fraction_3": 0.7222157120704651,
      "cloud_fraction_4": 0.7328693866729736,
      "cloud_fraction_5": 0.7687844634056091,
      "cloud_fraction_6": 0.7530347108840942,
      "cloud_fraction_7": 0.6609870791435242,
      "cloud_fraction_8": 0.40695545077323914,
      "u_0": 0.7664437294006348,
      "u_1": 0.7060264348983765,
      "u_2": 0.6542605757713318,
      "u_3": 0.6748276948928833,
      "u_4": 0.6662299633026123,
      "u_5": 0.6936345100402832,
      "u_6": 0.6924805045127869,
      "u_7": 0.5863810181617737,
      "u_8": 0.3128262162208557,
      "v_0": 0.6706856489181519,
      "v_1": 0.6221445798873901,
      "v_2": 0.6169632077217102,
      "v_3": 0.6647703647613525,
      "v_4": 0.7155156135559082,
      "v_5": 0.7648820281028748,
      "v_6": 0.7433123588562012,
      "v_7": 0.6703652143478394,
      "v_8": 0.511984646320343
    },
    "per_variable": {
      "surface_temperature": 0.940568745136261,
      "temperature": 0.39370138343009686,
      "specific_humidity_dex": 0.6812232964568667,
      "cloud_fraction": 0.6500964462757111,
      "u": 0.6392345163557265,
      "v": 0.6645137402746413,
      "asr": 0.9700843095779419,
      "olr": 0.7534255981445312
    }
  },
  "relative_rmse": {
    "per_field": {
      "surface_temperature": 1.4651459455490112,
      "temperature_0": 0.9271280765533447,
      "temperature_1": 0.9493970274925232,
      "temperature_2": 0.9928741455078125,
      "temperature_3": 1.121176838874817,
      "temperature_4": 1.1679619550704956,
      "temperature_5": 1.0662237405776978,
      "temperature_6": 1.050408959388733,
      "temperature_7": 1.4626940488815308,
      "temperature_8": 1.8461418151855469,
      "specific_humidity_0_dex": 1.1403206586837769,
      "specific_humidity_1_dex": 1.0015102624893188,
      "specific_humidity_2_dex": 0.9397572875022888,
      "specific_humidity_3_dex": 0.9756972789764404,
      "specific_humidity_4_dex": 1.0262224674224854,
      "specific_humidity_5_dex": 1.0415972471237183,
      "specific_humidity_6_dex": 1.1355098485946655,
      "specific_humidity_7_dex": 1.1449589729309082,
      "specific_humidity_8_dex": 1.8903310298919678,
      "asr": 2.432762384414673,
      "olr": 1.0442137718200684,
      "cloud_fraction_0": 0.33430883288383484,
      "cloud_fraction_1": 0.3404949903488159,
      "cloud_fraction_2": 0.4033726751804352,
      "cloud_fraction_3": 0.427099347114563,
      "cloud_fraction_4": 0.47204825282096863,
      "cloud_fraction_5": 0.4104216992855072,
      "cloud_fraction_6": 0.999305009841919,
      "cloud_fraction_7": 0.997698187828064,
      "cloud_fraction_8": 8.28441333770752,
      "u_0": 1.0308682918548584,
      "u_1": 1.0527983903884888,
      "u_2": 1.1993741989135742,
      "u_3": 1.100083827972412,
      "u_4": 0.9767225980758667,
      "u_5": 0.8944981694221497,
      "u_6": 0.9232303500175476,
      "u_7": 0.9900124669075012,
      "u_8": 1.572756052017212,
      "v_0": 1.0057934522628784,
      "v_1": 1.0407766103744507,
      "v_2": 1.053673505783081,
      "v_3": 1.0347453355789185,
      "v_4": 0.9276272058486938,
      "v_5": 0.9252720475196838,
      "v_6": 0.9267013669013977,
      "v_7": 0.8562836647033691,
      "v_8": 1.5165011882781982
    },
    "per_variable": {
      "surface_temperature": 1.4651460647583008,
      "temperature": 0.9120292663574219,
      "specific_humidity_dex": 1.0093529224395752,
      "cloud_fraction": 0.3685097098350525,
      "u": 0.9542281627655029,
      "v": 0.9067560434341431,
      "asr": 2.432762384414673,
      "olr": 1.044213891029358
    }
  },
  "relative_acc": {
    "per_field": {
      "surface_temperature": 1.0168191194534302,
      "temperature_0": 1.0802088975906372,
      "temperature_1": 1.0596081018447876,
      "temperature_2": 0.9940370321273804,
      "temperature_3": 0.8933692574501038,
      "temperature_4": 0.4321555197238922,
      "temperature_5": -0.19193486869335175,
      "temperature_6": 0.3412356972694397,
      "temperature_7": 0.13711418211460114,
      "temperature_8": 0.39196231961250305,
      "specific_humidity_0_dex": 1.054276704788208,
      "specific_humidity_1_dex": 1.0655920505523682,
      "specific_humidity_2_dex": 1.1398091316223145,
      "specific_humidity_3_dex": 1.427919864654541,
      "specific_humidity_4_dex": 1.2664512395858765,
      "specific_humidity_5_dex": 0.9877151846885681,