{
  "subset": "multi-complete",
  "protocol": "standard",
  "n_test": 90,
  "n_samples": 1,
  "rmse": {
    "per_field": {
      "surface_temperature": 20.001235961914062,
      "temperature_0": 11.291093826293945,
      "temperature_1": 10.729654312133789,
      "temperature_2": 10.418197631835938,
      "temperature_3": 10.534143447875977,
      "temperature_4": 10.852112770080566,
      "temperature_5": 11.084979057312012,
      "temperature_6": 11.072824478149414,
      "temperature_7": 13.260941505432129,
      "temperature_8": 14.76298999786377,
      "specific_humidity_0_dex": 0.48254477977752686,
      "specific_humidity_1_dex": 0.4637857973575592,
      "specific_humidity_2_dex": 0.48286548256874084,
      "specific_humidity_3_dex": 0.5314318537712097,
      "specific_humidity_4_dex": 0.5919145941734314,
      "specific_humidity_5_dex": 0.6778193712234497,
      "specific_humidity_6_dex": 0.753796398639679,
      "specific_humidity_7_dex": 0.8271182775497437,
      "specific_humidity_8_dex": 0.9551745057106018,
      "asr": 101.4321517944336,
      "olr": 28.947778701782227,
      "cloud_fraction_0": 0.12477290630340576,
      "cloud_fraction_1": 0.106190025806427,
      "cloud_fraction_2": 0.08484803140163422,
      "cloud_fraction_3": 0.07184957712888718,
      "cloud_fraction_4": 0.06622079014778137,
      "cloud_fraction_5": 0.06491902470588684,
      "cloud_fraction_6": 0.06028373911976814,
      "cloud_fraction_7": 0.042960792779922485,
      "cloud_fraction_8": 0.021985845640301704,
      "u_0": 4.167050838470459,
      "u_1": 4.922435283660889,
      "u_2": 7.2602362632751465,
      "u_3": 9.371587753295898,
      "u_4": 10.884702682495117,
      "u_5": 11.983840942382812,
      "u_6": 13.461930274963379,
      "u_7": 14.661385536193848,
      "u_8": 16.979082107543945,
      "v_0": 2.713029384613037,
      "v_1": 3.2544100284576416,
      "v_2": 4.461210250854492,
      "v_3": 5.560291767120361,
      "v_4": 5.976830959320068,
      "v_5": 6.213666915893555,
      "v_6": 6.37580680847168,
      "v_7": 5.7985968589782715,
      "v_8": 5.380660057067871
    },
    "per_variable": {
      "surface_temperature": 20.001235961914062,
      "temperature": 11.556326336330837,
      "specific_humidity_dex": 0.6407167845302157,
      "cloud_fraction": 0.07155897033711274,
      "u": 10.410250186920166,
      "v": 5.081611447864109,
      "asr": 101.4321517944336,
      "olr": 28.947778701782227
    }
  },
  "acc": {
    "per_field": {
      "surface_temperature": 0.9286817908287048,
      "temperature_0": 0.8377505540847778,
      "temperature_1": 0.7655438184738159,
      "temperature_2": 0.6612486243247986,
      "temperature_3": 0.5548490881919861,
      "temperature_4": 0.3507286608219147,
      "temperature_5": 0.13144639134407043,
      "temperature_6": 0.12919414043426514,
      "temperature_7": 0.12231379747390747,
      "temperature_8": 0.10140877962112427,
      "specific_humidity_0_dex": 0.8624729514122009,
      "specific_humidity_1_dex": 0.8298683166503906,
      "specific_humidity_2_dex": 0.7763071656227112,
      "specific_humidity_3_dex": 0.7479252219200134,
      "specific_humidity_4_dex": 0.7561245560646057,
      "specific_humidity_5_dex": 0.7534546852111816,
      "specific_humidity_6_dex": 0.7059811353683472,
      "specific_humidity_7_dex": 0.555227518081665,
      "specific_humidity_8_dex": 0.22332333028316498,
      "asr": 0.9641112685203552,
      "olr": 0.7336615920066833,
      "cloud_fraction_0": 0.4644593596458435,
      "cloud_fraction_1": 0.5758779644966125,
      "cloud_fraction_2": 0.6682948470115662,
      "cloud_fraction_3": 0.696487545967102,
      "cloud_fraction_4": 0.6876993179321289,
      "cloud_fraction_5": 0.7007046341896057,
      "cloud_fraction_6": 0.6875052452087402,
      "cloud_fraction_7": 0.6048102974891663,
      "cloud_fraction_8": 0.36453941464424133,
      "u_0": 0.7295443415641785,
      "u_1": 0.6678818464279175,
      "u_2": 0.6144040822982788,
      "u_3": 0.6381618976593018,
      "u_4": 0.6314786076545715,
      "u_5": 0.6414558291435242,
      "u_6": 0.6276409029960632,
      "u_7": 0.5248491764068604,
      "u_8": 0.2946898341178894,
      "v_0": 0.6524240970611572,
      "v_1": 0.5975697040557861,
      "v_2": 0.5764245986938477,
      "v_3": 0.6144427061080933,
      "v_4": 0.6821725368499756,
      "v_5": 0.7165333032608032,
      "v_6": 0.6792049407958984,
      "v_7": 0.6477817296981812,
      "v_8": 0.5215206742286682
    },
    "per_variable": {
      "surface_temperature": 0.9286817908287048,
      "temperature": 0.4060537616411845,
      "specific_humidity_dex": 0.6900760978460312,
      "cloud_fraction": 0.6055976251761118,
      "u": 0.5966785020298428,
      "v": 0.6320082545280457,
      "asr": 0.9641112685203552,
      "olr": 0.7336615920066833
    }
  }
}
