{
  "subset": "multi-partial",
  "protocol": "shared_planets",
  "n_test": 60,
  "n_samples": 64,
  "rmse": {
    "per_field": {
      "surface_temperature": 12.141182899475098,
      "temperature_0": 9.883283615112305,
      "temperature_1": 9.641526222229004,
      "temperature_2": 9.50555419921875,
      "temperature_3": 9.751707077026367,
      "temperature_4": 9.560162544250488,
      "temperature_5": 9.505901336669922,
      "temperature_6": 8.809682846069336,
      "temperature_7": 9.540907859802246,
      "temperature_8": 11.989039421081543,
      "temperature_9": 11.920157432556152,
      "specific_humidity_0_dex": 0.3719640076160431,
      "specific_humidity_1_dex": 0.375355988740921,
      "specific_humidity_2_dex": 0.41218477487564087,
      "specific_humidity_3_dex": 0.4617516100406647,
      "specific_humidity_4_dex": 0.5112754702568054,
      "specific_humidity_5_dex": 0.5923372507095337,
      "specific_humidity_6_dex": 0.6458737850189209,
      "specific_humidity_7_dex": 0.6901369690895081,
      "specific_humidity_8_dex": 0.8385148644447327,
      "specific_humidity_9_dex": 0.7765219807624817,
      "asr": 59.409820556640625,
      "olr": 23.25975227355957,
      "cloud_fraction_0": 0.11056916415691376,
      "cloud_fraction_1": 0.09539175033569336,
      "cloud_fraction_2": 0.07589548081159592,
      "cloud_fraction_3": 0.06634825468063354,
      "cloud_fraction_4": 0.0618150532245636,
      "cloud_fraction_5": 0.06412041187286377,
      "cloud_fraction_6": 0.061128173023462296,
      "cloud_fraction_7": 0.05080530419945717,
      "cloud_fraction_8": 0.024702096357941628,
      "cloud_fraction_9": 0.009340229444205761,
      "u_0": 3.452871799468994,
      "u_1": 4.170499324798584,
      "u_2": 5.930989742279053,
      "u_3": 8.196324348449707,
      "u_4": 10.5454683303833,
      "u_5": 12.045618057250977,
      "u_6": 13.387606620788574,
      "u_7": 13.67299747467041,
      "u_8": 15.399510383605957,
      "u_9": 22.52330780029297,
      "v_0": 2.41225004196167,
      "v_1": 2.9164059162139893,
      "v_2": 4.044396877288818,
      "v_3": 5.184185981750488,
      "v_4": 5.956844806671143,
      "v_5": 6.505824565887451,
      "v_6": 7.063486576080322,
      "v_7": 6.677449703216553,
      "v_8": 5.755079746246338,
      "v_9": 4.3793044090271
    },
    "per_variable": {
      "surface_temperature": 12.141182899475098,
      "temperature": 10.010792255401611,
      "specific_humidity_dex": 0.5675916701555253,
      "cloud_fraction": 0.06201159181073308,
      "u": 10.932519388198852,
      "v": 5.089522862434388,
      "asr": 59.409820556640625,
      "olr": 23.25975227355957
    }
  },
  "acc": {
    "per_field": {
      "surface_temperature": 0.9715513586997986,
      "temperature_0": 0.9358047842979431,
      "temperature_1": 0.9185357689857483,
      "temperature_2": 0.8500097393989563,
      "temperature_3": 0.7687730193138123,
      "temperature_4": 0.5645586848258972,
      "temperature_5": 0.3736535608768463,
      "temperature_6": 0.5027429461479187,
      "temperature_7": 0.6034267544746399,
      "temperature_8": 0.36128315329551697,
      "temperature_9": 0.08578909933567047,
      "specific_humidity_0_dex": 0.919262707233429,
      "specific_humidity_1_dex": 0.9077968001365662,
      "specific_humidity_2_dex": 0.8713192343711853,
      "specific_humidity_3_dex": 0.851527750492096,
      "specific_humidity_4_dex": 0.8462755680084229,
      "specific_humidity_5_dex": 0.8659427165985107,
      "specific_humidity_6_dex": 0.8514487743377686,
      "specific_humidity_7_dex": 0.7596107125282288,
      "specific_humidity_8_dex": 0.43074318766593933,
      "specific_humidity_9_dex": 0.14438839256763458,
      "asr": 0.9948491454124451,
      "olr": 0.856600821018219,
      "cloud_fraction_0": 0.5909712314605713,
      "cloud_fraction_1": 0.6579381823539734,
      "cloud_fraction_2": 0.7244170308113098,
      "cloud_fraction_3": 0.7538169026374817,
      "cloud_fraction_4": 0.7790898680686951,
      "cloud_fraction_5": 0.7836524844169617,
      "cloud_fraction_6": 0.737662672996521,
      "cloud_fraction_7": 0.6381715536117554,
      "cloud_fraction_8": 0.4108719229698181,
      "cloud_fraction_9": 0.1108882799744606,
      "u_0": 0.8384478688240051,
      "u_1": 0.798997163772583,
      "u_2": 0.7565287947654724,
      "u_3": 0.7255741953849792,
      "u_4": 0.7052526473999023,
      "u_5": 0.6987851858139038,
      "u_6": 0.7035974860191345,
      "u_7": 0.6487635374069214,
      "u_8": 0.5360863208770752,
      "u_9": 0.33882424235343933,
      "v_0": 0.7876253128051758,
      "v_1": 0.7595958113670349,
      "v_2": 0.7261776328086853,
      "v_3": 0.7084614038467407,
      "v_4": 0.7354115843772888,
      "v_5": 0.791467010974884,
      "v_6": 0.7577340602874756,
      "v_7": 0.6198877692222595,
      "v_8": 0.3794898986816406,
      "v_9": 0.271058589220047
    },
    "per_variable": {
      "surface_temperature": 0.9715513586997986,
      "temperature": 0.596457751095295,
      "specific_humidity_dex": 0.7448315843939781,
      "cloud_fraction": 0.6187480129301548,
      "u": 0.6750857442617416,
      "v": 0.6536909073591233,
      "asr": 0.9948491454124451,
      "olr": 0.856600821018219
    }
  },
  "energy_score": {
    "per_field": {
      "surface_temperature": 9.269575119018555,
      "temperature_0": 7.636504173278809,
      "temperature_1": 7.465831279754639,
      "temperature_2": 7.3663201332092285,
      "temperature_3": 7.566986083984375,
      "temperature_4": 7.445513725280762,
      "temperature_5": 7.446597099304199,
      "temperature_6": 6.818219184875488,
      "temperature_7": 7.05748176574707,
      "temperature_8": 9.159132957458496,
      "temperature_9": 9.003746032714844,
      "specific_humidity_0": 0.2837473452091217,
      "specific_humidity_1": 0.28815680742263794,
      "specific_humidity_2": 0.3193907141685486,
      "specific_humidity_3": 0.3624073565006256,
      "specific_humidity_4": 0.40412428975105286,
      "specific_humidity_5": 0.470075398683548,
      "specific_humidity_6": 0.5114078521728516,
      "specific_humidity_7": 0.5511494278907776,
      "specific_humidity_8": 0.6765831112861633,
      "specific_humidity_9": 0.5771797299385071,
      "asr": 49.65194320678711,
      "olr": 19.006553649902344,
      "cloud_fraction_0": 0.09011942148208618,
      "cloud_fraction_1": 0.07795041054487228,
      "cloud_fraction_2": 0.062500961124897,
      "cloud_fraction_3": 0.054546747356653214,
      "cloud_fraction_4": 0.0501897931098938,
      "cloud_fraction_5": 0.05293821170926094,
      "cloud_fraction_6": 0.050497088581323624,
      "cloud_fraction_7": 0.04228632152080536,
      "cloud_fraction_8": 0.020726336166262627,
      "cloud_fraction_9": 0.00807136856019497,
      "u_0": 2.8760664463043213,
      "u_1": 3.520360231399536,
      "u_2": 5.058122634887695,
      "u_3": 7.066667079925537,
      "u_4": 9.10452651977539,
      "u_5": 10.345681190490723,
      "u_6": 11.43932819366455,
      "u_7": 11.614843368530273,
      "u_8": 13.1431303024292,
      "u_9": 18.06735610961914,
      "v_0": 2.007850408554077,
      "v_1": 2.4650790691375732,
      "v_2": 3.4619123935699463,
      "v_3": 4.462913990020752,
      "v_4": 5.120765209197998,
      "v_5": 5.590020656585693,
      "v_6": 6.038276672363281,
      "v_7": 5.671682357788086,
      "v_8": 4.813527584075928,
      "v_9": 3.4659581184387207
    },
    "per_variable": {
      "surface_temperature": 9.269575119018555,
      "temperature": 7.696633243560791,
      "specific_humidity_dex": 0.4444222033023834,
      "cloud_fraction": 0.050982666015625,
      "u": 9.223608207702636,
      "v": 4.309798645973205,
      "asr": 49.65194320678711,
      "olr": 19.006553649902344
    }
  },
  "spread_skill_ratio": {
    "per_field": {
      "surface_temperature": 0.5920822620391846,
      "temperature_0": 0.5699297785758972,
      "temperature_1": 0.5751084685325623,
      "temperature_2": 0.5829162001609802,