{
  "subset": "multi-partial",
  "protocol": "standard",
  "n_test": 100,
  "n_samples": 64,
  "rmse": {
    "per_field": {
      "surface_temperature": 10.734400749206543,
      "temperature_0": 8.914569854736328,
      "temperature_1": 8.644206047058105,
      "temperature_2": 8.358378410339355,
      "temperature_3": 8.363959312438965,
      "temperature_4": 8.272560119628906,
      "temperature_5": 8.116836547851562,
      "temperature_6": 7.784480571746826,
      "temperature_7": 9.668815612792969,
      "temperature_8": 12.398883819580078,
      "temperature_9": 10.42494010925293,
      "specific_humidity_0_dex": 0.35399752855300903,
      "specific_humidity_1_dex": 0.3529665470123291,
      "specific_humidity_2_dex": 0.3750927746295929,
      "specific_humidity_3_dex": 0.41318652033805847,
      "specific_humidity_4_dex": 0.44366827607154846,
      "specific_humidity_5_dex": 0.4901092052459717,
      "specific_humidity_6_dex": 0.5401881337165833,
      "specific_humidity_7_dex": 0.5984959006309509,
      "specific_humidity_8_dex": 0.7309528589248657,
      "specific_humidity_9_dex": 0.6444509029388428,
      "asr": 47.90688705444336,
      "olr": 19.788055419921875,
      "cloud_fraction_0": 0.1059369146823883,
      "cloud_fraction_1": 0.09411823004484177,
      "cloud_fraction_2": 0.0778295248746872,
      "cloud_fraction_3": 0.06610409915447235,
      "cloud_fraction_4": 0.0594567134976387,
      "cloud_fraction_5": 0.06174073740839958,
      "cloud_fraction_6": 0.05509505048394203,
      "cloud_fraction_7": 0.04618539288640022,
      "cloud_fraction_8": 0.02410239912569523,
      "cloud_fraction_9": 0.010614383965730667,
      "u_0": 3.337486743927002,
      "u_1": 4.020183563232422,
      "u_2": 5.660869598388672,
      "u_3": 7.673810958862305,
      "u_4": 9.558295249938965,
      "u_5": 11.036940574645996,
      "u_6": 12.652366638183594,
      "u_7": 13.758195877075195,
      "u_8": 16.171281814575195,
      "u_9": 24.352766036987305,
      "v_0": 2.3064424991607666,
      "v_1": 2.797814130783081,
      "v_2": 3.880621910095215,
      "v_3": 4.9327850341796875,
      "v_4": 5.581965923309326,
      "v_5": 5.995426654815674,
      "v_6": 6.357978343963623,
      "v_7": 6.1409735679626465,
      "v_8": 5.439415454864502,
      "v_9": 4.843050479888916
    },
    "per_variable": {
      "surface_temperature": 10.734400749206543,
      "temperature": 9.094763040542603,
      "specific_humidity_dex": 0.49431086480617525,
      "cloud_fraction": 0.060118344612419605,
      "u": 10.822219705581665,
      "v": 4.827647399902344,
      "asr": 47.90688705444336,
      "olr": 19.788055419921875
    }
  },
  "acc": {
    "per_field": {
      "surface_temperature": 0.9701893329620361,
      "temperature_0": 0.9176015257835388,
      "temperature_1": 0.8997931480407715,
      "temperature_2": 0.8382318019866943,
      "temperature_3": 0.7758908271789551,
      "temperature_4": 0.5883370041847229,
      "temperature_5": 0.4484436511993408,
      "temperature_6": 0.5593673586845398,
      "temperature_7": 0.5433384776115417,
      "temperature_8": 0.3544321358203888,
      "temperature_9": 0.23786279559135437,
      "specific_humidity_0_dex": 0.8967375755310059,
      "specific_humidity_1_dex": 0.8862855434417725,
      "specific_humidity_2_dex": 0.8576416969299316,
      "specific_humidity_3_dex": 0.8471672534942627,
      "specific_humidity_4_dex": 0.848787784576416,
      "specific_humidity_5_dex": 0.8586847186088562,
      "specific_humidity_6_dex": 0.8499802350997925,
      "specific_humidity_7_dex": 0.7687751650810242,
      "specific_humidity_8_dex": 0.47787225246429443,
      "specific_humidity_9_dex": 0.23715196549892426,
      "asr": 0.9952951073646545,
      "olr": 0.8554235696792603,
      "cloud_fraction_0": 0.6376485228538513,
      "cloud_fraction_1": 0.6834241151809692,
      "cloud_fraction_2": 0.7308545112609863,
      "cloud_fraction_3": 0.7659395337104797,
      "cloud_fraction_4": 0.7580461502075195,
      "cloud_fraction_5": 0.7440555095672607,
      "cloud_fraction_6": 0.7098855972290039,
      "cloud_fraction_7": 0.6113311648368835,
      "cloud_fraction_8": 0.42843279242515564,
      "cloud_fraction_9": 0.18734079599380493,
      "u_0": 0.828632652759552,
      "u_1": 0.782067060470581,
      "u_2": 0.7171231508255005,
      "u_3": 0.7071158289909363,
      "u_4": 0.7243523597717285,
      "u_5": 0.7210139632225037,
      "u_6": 0.7022751569747925,
      "u_7": 0.6668093800544739,
      "u_8": 0.5264767408370972,
      "u_9": 0.3997606039047241,
      "v_0": 0.7674298882484436,
      "v_1": 0.7371776700019836,
      "v_2": 0.6835783123970032,
      "v_3": 0.6770028471946716,
      "v_4": 0.7060770988464355,
      "v_5": 0.7573975324630737,
      "v_6": 0.7274022102355957,
      "v_7": 0.5941541790962219,
      "v_8": 0.40644577145576477,
      "v_9": 0.4009096920490265
    },
    "per_variable": {
      "surface_temperature": 0.9701893329620361,
      "temperature": 0.6163298726081848,
      "specific_humidity_dex": 0.7529084190726281,
      "cloud_fraction": 0.6256958693265915,
      "u": 0.6775626897811889,
      "v": 0.645757520198822,
      "asr": 0.9952951073646545,
      "olr": 0.8554235696792603
    }
  },
  "energy_score": {
    "per_field": {
      "surface_temperature": 8.298379898071289,
      "temperature_0": 6.995834827423096,
      "temperature_1": 6.767550468444824,
      "temperature_2": 6.511566638946533,
      "temperature_3": 6.499309062957764,
      "temperature_4": 6.43781852722168,
      "temperature_5": 6.347818374633789,
      "temperature_6": 6.026281356811523,
      "temperature_7": 7.516629219055176,
      "temperature_8": 9.890685081481934,
      "temperature_9": 7.967410087585449,
      "specific_humidity_0": 0.2715452015399933,
      "specific_humidity_1": 0.2710108757019043,
      "specific_humidity_2": 0.28923213481903076,
      "specific_humidity_3": 0.3206760883331299,
      "specific_humidity_4": 0.344659686088562,
      "specific_humidity_5": 0.3819013237953186,
      "specific_humidity_6": 0.42447078227996826,
      "specific_humidity_7": 0.47511330246925354,
      "specific_humidity_8": 0.5867552757263184,
      "specific_humidity_9": 0.47856998443603516,
      "asr": 39.35886001586914,
      "olr": 15.895781517028809,
      "cloud_fraction_0": 0.084215447306633,
      "cloud_fraction_1": 0.07571446895599365,
      "cloud_fraction_2": 0.06365875154733658,
      "cloud_fraction_3": 0.05447601154446602,
      "cloud_fraction_4": 0.04835929721593857,
      "cloud_fraction_5": 0.05080737546086311,
      "cloud_fraction_6": 0.044920776039361954,
      "cloud_fraction_7": 0.038190823048353195,
      "cloud_fraction_8": 0.020415181294083595,
      "cloud_fraction_9": 0.00915553793311119,
      "u_0": 2.7798006534576416,
      "u_1": 3.391296148300171,
      "u_2": 4.815926551818848,
      "u_3": 6.588144779205322,
      "u_4": 8.191088676452637,
      "u_5": 9.415075302124023,
      "u_6": 10.77163314819336,
      "u_7": 11.75672435760498,
      "u_8": 14.004505157470703,
      "u_9": 20.064367294311523,
      "v_0": 1.9202876091003418,
      "v_1": 2.366840124130249,
      "v_2": 3.3195533752441406,
      "v_3": 4.230540752410889,
      "v_4": 4.763046741485596,
      "v_5": 5.109955310821533,
      "v_6": 5.381101608276367,
      "v_7": 5.161741733551025,
      "v_8": 4.513014793395996,
      "v_9": 3.785240411758423
    },
    "per_variable": {
      "surface_temperature": 8.298379898071289,
      "temperature": 7.096090364456177,
      "specific_humidity_dex": 0.3843934655189514,
      "cloud_fraction": 0.04899136703461408,
      "u": 9.177856206893921,
      "v": 4.055132246017456,
      "asr": 39.35886001586914,
      "olr": 15.895781517028809
    }
  },
  "spread_skill_ratio": {
    "per_field": {
      "surface_temperature": 0.6039829850196838,
      "temperature_0": 0.5698010921478271,
      "temperature_1": 0.5822047591209412,
      "temperature_2": 0.6035057902336121,