{
  "subset": "multi-complete",
  "protocol": "standard",
  "n_test": 90,
  "n_samples": 1,
  "rmse": {
    "per_field": {
      "surface_temperature": 25.163753509521484,
      "temperature_0": 18.851503372192383,
      "temperature_1": 17.827173233032227,
      "temperature_2": 16.84836769104004,
      "temperature_3": 16.823823928833008,
      "temperature_4": 17.29688262939453,
      "temperature_5": 19.144432067871094,
      "temperature_6": 21.5853328704834,
      "temperature_7": 26.29789161682129,
      "temperature_8": 28.143707275390625,
      "specific_humidity_0_dex": 0.6679441928863525,
      "specific_humidity_1_dex": 0.6856104731559753,
      "specific_humidity_2_dex": 0.754343569278717,
      "specific_humidity_3_dex": 0.8546281456947327,
      "specific_humidity_4_dex": 0.9669390916824341,
      "specific_humidity_5_dex": 1.1371756792068481,
      "specific_humidity_6_dex": 1.319541335105896,
      "specific_humidity_7_dex": 1.4668606519699097,
      "specific_humidity_8_dex": 1.5134108066558838,
      "asr": 198.88294982910156,
      "olr": 40.775779724121094,
      "cloud_fraction_0": 0.19692914187908173,
      "cloud_fraction_1": 0.16710320115089417,
      "cloud_fraction_2": 0.12446607649326324,
      "cloud_fraction_3": 0.10363170504570007,
      "cloud_fraction_4": 0.09665497392416,
      "cloud_fraction_5": 0.09374714642763138,
      "cloud_fraction_6": 0.08116044104099274,
      "cloud_fraction_7": 0.05664953216910362,
      "cloud_fraction_8": 0.03451169282197952,
      "u_0": 4.586222171783447,
      "u_1": 5.963037014007568,
      "u_2": 9.630285263061523,
      "u_3": 13.731120109558105,
      "u_4": 17.23331642150879,
      "u_5": 19.02251434326172,
      "u_6": 20.307628631591797,
      "u_7": 21.622434616088867,
      "u_8": 24.24479103088379,
      "v_0": 3.1352145671844482,
      "v_1": 3.842600107192993,
      "v_2": 5.344411373138428,
      "v_3": 6.667010307312012,
      "v_4": 7.265255451202393,
      "v_5": 7.596686363220215,
      "v_6": 7.892213344573975,
      "v_7": 7.716459274291992,
      "v_8": 7.470341205596924
    },
    "per_variable": {
      "surface_temperature": 25.163753509521484,
      "temperature": 20.31323496500651,
      "specific_humidity_dex": 1.04071710507075,
      "cloud_fraction": 0.10609487899475628,
      "u": 15.149038844638401,
      "v": 6.325576888190375,
      "asr": 198.88294982910156,
      "olr": 40.775779724121094
    }
  },
  "acc": {
    "per_field": {
      "surface_temperature": 0.942784309387207,
      "temperature_0": 0.8620128035545349,
      "temperature_1": 0.8318507671356201,
      "temperature_2": 0.7983909845352173,
      "temperature_3": 0.7234804630279541,
      "temperature_4": 0.4343443512916565,
      "temperature_5": 0.013285745866596699,
      "temperature_6": -0.18858608603477478,
      "temperature_7": -0.032382071018218994,
      "temperature_8": 0.12759354710578918,
      "specific_humidity_0_dex": 0.8872870802879333,
      "specific_humidity_1_dex": 0.858237624168396,
      "specific_humidity_2_dex": 0.8018226623535156,
      "specific_humidity_3_dex": 0.7528538107872009,
      "specific_humidity_4_dex": 0.7239294052124023,
      "specific_humidity_5_dex": 0.7300155758857727,
      "specific_humidity_6_dex": 0.7218204736709595,
      "specific_humidity_7_dex": 0.7125519514083862,
      "specific_humidity_8_dex": 0.4555647671222687,
      "asr": 0.9920214414596558,
      "olr": 0.7105926275253296,
      "cloud_fraction_0": 0.47326868772506714,
      "cloud_fraction_1": 0.553429901599884,
      "cloud_fraction_2": 0.6549239754676819,
      "cloud_fraction_3": 0.7017608880996704,
      "cloud_fraction_4": 0.6754850745201111,
      "cloud_fraction_5": 0.6700635552406311,
      "cloud_fraction_6": 0.6531403660774231,
      "cloud_fraction_7": 0.6176742911338806,
      "cloud_fraction_8": 0.46734848618507385,
      "u_0": 0.7070916891098022,
      "u_1": 0.6078997850418091,
      "u_2": 0.4795035421848297,
      "u_3": 0.5382833480834961,
      "u_4": 0.5785951018333435,
      "u_5": 0.5894247889518738,
      "u_6": 0.5672503113746643,
      "u_7": 0.4598131477832794,
      "u_8": 0.3157205283641815,
      "v_0": 0.6049898266792297,
      "v_1": 0.5179200172424316,
      "v_2": 0.44521674513816833,
      "v_3": 0.5081289410591125,
      "v_4": 0.6162427067756653,
      "v_5": 0.6561399102210999,
      "v_6": 0.6253563165664673,
      "v_7": 0.5727485418319702,
      "v_8": 0.4922581911087036
    },
    "per_variable": {
      "surface_temperature": 0.942784309387207,
      "temperature": 0.39666561171826387,
      "specific_humidity_dex": 0.7382314834329817,
      "cloud_fraction": 0.6074550251166025,
      "u": 0.5381758047474755,
      "v": 0.5598890218469832,
      "asr": 0.9920214414596558,
      "olr": 0.7105926275253296
    }
  }
}
