{
  "subset": "multi-complete",
  "protocol": "shared_planets",
  "n_test": 58,
  "n_samples": 1,
  "rmse": {
    "per_field": {
      "surface_temperature": 23.532455444335938,
      "temperature_0": 18.393388748168945,
      "temperature_1": 17.176456451416016,
      "temperature_2": 15.895840644836426,
      "temperature_3": 15.6040620803833,
      "temperature_4": 15.961960792541504,
      "temperature_5": 18.21656036376953,
      "temperature_6": 21.407594680786133,
      "temperature_7": 26.49456024169922,
      "temperature_8": 27.30354118347168,
      "specific_humidity_0_dex": 0.5758135318756104,
      "specific_humidity_1_dex": 0.5911831259727478,
      "specific_humidity_2_dex": 0.6673994660377502,
      "specific_humidity_3_dex": 0.7789962887763977,
      "specific_humidity_4_dex": 0.8978375792503357,
      "specific_humidity_5_dex": 1.0625115633010864,
      "specific_humidity_6_dex": 1.2267087697982788,
      "specific_humidity_7_dex": 1.3372365236282349,
      "specific_humidity_8_dex": 1.3592818975448608,
      "asr": 210.4359130859375,
      "olr": 37.596221923828125,
      "cloud_fraction_0": 0.18976351618766785,
      "cloud_fraction_1": 0.16438442468643188,
      "cloud_fraction_2": 0.12154657393693924,
      "cloud_fraction_3": 0.0989532545208931,
      "cloud_fraction_4": 0.0906805470585823,
      "cloud_fraction_5": 0.08845096826553345,
      "cloud_fraction_6": 0.07816693931818008,
      "cloud_fraction_7": 0.05411442741751671,
      "cloud_fraction_8": 0.035192545503377914,
      "u_0": 4.616407871246338,
      "u_1": 6.1542067527771,
      "u_2": 10.14785385131836,
      "u_3": 14.181214332580566,
      "u_4": 17.31832504272461,
      "u_5": 18.129121780395508,
      "u_6": 18.09642791748047,
      "u_7": 18.48107147216797,
      "u_8": 21.094255447387695,
      "v_0": 3.3231778144836426,
      "v_1": 4.155129432678223,
      "v_2": 5.8672990798950195,
      "v_3": 7.276210308074951,
      "v_4": 7.859653949737549,
      "v_5": 7.979645252227783,
      "v_6": 8.130108833312988,
      "v_7": 7.797508716583252,
      "v_8": 7.243011951446533
    },
    "per_variable": {
      "surface_temperature": 23.532455444335938,
      "temperature": 19.605996131896973,
      "specific_humidity_dex": 0.9441076384650336,
      "cloud_fraction": 0.10236146632168028,
      "u": 14.246542718675402,
      "v": 6.6257494820488825,
      "asr": 210.4359130859375,
      "olr": 37.596221923828125
    }
  },
  "acc": {
    "per_field": {
      "surface_temperature": 0.9520431756973267,
      "temperature_0": 0.88278728723526,
      "temperature_1": 0.8525660037994385,
      "temperature_2": 0.8198134899139404,
      "temperature_3": 0.7650002837181091,
      "temperature_4": 0.4732271134853363,
      "temperature_5": -0.0770760104060173,
      "temperature_6": -0.30290356278419495,
      "temperature_7": -0.10836569964885712,
      "temperature_8": 0.13689568638801575,
      "specific_humidity_0_dex": 0.9060956835746765,
      "specific_humidity_1_dex": 0.8813931941986084,
      "specific_humidity_2_dex": 0.8169846534729004,
      "specific_humidity_3_dex": 0.7601168155670166,
      "specific_humidity_4_dex": 0.7316544055938721,
      "specific_humidity_5_dex": 0.7512005567550659,
      "specific_humidity_6_dex": 0.74913090467453,
      "specific_humidity_7_dex": 0.7593993544578552,
      "specific_humidity_8_dex": 0.4605964124202728,
      "asr": 0.9921225905418396,
      "olr": 0.7458138465881348,
      "cloud_fraction_0": 0.5205682516098022,
      "cloud_fraction_1": 0.6002575159072876,
      "cloud_fraction_2": 0.6838636994361877,
      "cloud_fraction_3": 0.7148840427398682,
      "cloud_fraction_4": 0.7131218910217285,
      "cloud_fraction_5": 0.7308616042137146,
      "cloud_fraction_6": 0.7165215611457825,
      "cloud_fraction_7": 0.6797709465026855,
      "cloud_fraction_8": 0.5033141374588013,
      "u_0": 0.7292571067810059,
      "u_1": 0.6309190392494202,
      "u_2": 0.5078915953636169,
      "u_3": 0.5563798546791077,
      "u_4": 0.5912933349609375,
      "u_5": 0.6134637594223022,
      "u_6": 0.6073296666145325,
      "u_7": 0.49098408222198486,
      "u_8": 0.33510759472846985,
      "v_0": 0.596021831035614,
      "v_1": 0.4945034384727478,
      "v_2": 0.44683924317359924,
      "v_3": 0.5474467277526855,
      "v_4": 0.6367189288139343,
      "v_5": 0.6858325600624084,
      "v_6": 0.6696767210960388,
      "v_7": 0.5690593123435974,
      "v_8": 0.463653564453125
    },
    "per_variable": {
      "surface_temperature": 0.9520431756973267,
      "temperature": 0.3824382879667812,
      "specific_humidity_dex": 0.7573968867460886,
      "cloud_fraction": 0.651462627781762,
      "u": 0.562514003780153,
      "v": 0.5677502585781945,
      "asr": 0.9921225905418396,
      "olr": 0.7458138465881348
    }
  },
  "relative_rmse": {
    "per_field": {
      "surface_temperature": 1.5984883308410645,
      "temperature_0": 1.4306377172470093,
      "temperature_1": 1.412886381149292,
      "temperature_2": 1.321104645729065,
      "temperature_3": 1.4322500228881836,
      "temperature_4": 1.568255066871643,
      "temperature_5": 1.8692706823349,
      "temperature_6": 2.6418211460113525,
      "temperature_7": 3.696612596511841,
      "temperature_8": 5.516278266906738,
      "specific_humidity_0_dex": 1.1729323863983154,
      "specific_humidity_1_dex": 1.1700783967971802,
      "specific_humidity_2_dex": 1.246533751487732,
      "specific_humidity_3_dex": 1.358267068862915,
      "specific_humidity_4_dex": 1.445160984992981,
      "specific_humidity_5_dex": 1.490573763847351,
      "specific_humidity_6_dex": 1.6038858890533447,
      "specific_humidity_7_dex": 1.8502955436706543,
      "specific_humidity_8_dex": 3.0915000438690186,
      "asr": 5.095102787017822,
      "olr": 1.4686790704727173,
      "cloud_fraction_0": 0.5521609783172607,
      "cloud_fraction_1": 0.58757084608078,
      "cloud_fraction_2": 0.6319026947021484,
      "cloud_fraction_3": 0.7401875853538513,
      "cloud_fraction_4": 0.9180334806442261,
      "cloud_fraction_5": 0.7645567059516907,
      "cloud_fraction_6": 5.972095489501953,
      "cloud_fraction_7": 8.015172004699707,
      "cloud_fraction_8": 201.26284790039062,
      "u_0": 1.0760571956634521,
      "u_1": 1.1992416381835938,
      "u_2": 1.4658503532409668,
      "u_3": 1.5495731830596924,
      "u_4": 1.5135281085968018,
      "u_5": 1.4108668565750122,
      "u_6": 1.3035579919815063,
      "u_7": 1.3798209428787231,
      "u_8": 2.518280506134033,
      "v_0": 1.1390000581741333,
      "v_1": 1.1905468702316284,
      "v_2": 1.286407470703125,
      "v_3": 1.2595925331115723,
      "v_4": 1.1299138069152832,
      "v_5": 1.114560842514038,
      "v_6": 1.1254422664642334,
      "v_7": 1.2382465600967407,
      "v_8": 2.6567819118499756
    },
    "per_variable": {
      "surface_temperature": 1.5984885692596436,
      "temperature": 1.634853482246399,
      "specific_humidity_dex": 1.4022817611694336,
      "cloud_fraction": 0.5845968127250671,
      "u": 1.347445011138916,
      "v": 1.1372803449630737,
      "asr": 5.095102310180664,
      "olr": 1.4686790704727173
    }
  },
  "relative_acc": {
    "per_field": {
      "surface_temperature": 1.0284435749053955,
      "temperature_0": 1.1117584705352783,
      "temperature_1": 1.141297459602356,
      "temperature_2": 1.187804102897644,
      "temperature_3": 1.3136844635009766,
      "temperature_4": 1.0720202922821045,
      "temperature_5": -0.36976373195648193,
      "temperature_6": -0.5675075054168701,
      "temperature_7": -0.13519372045993805,
      "temperature_8": 0.27522012591362,
      "specific_humidity_0_dex": 1.093898892402649,
      "specific_humidity_1_dex": 1.1141144037246704,
      "specific_humidity_2_dex": 1.1975514888763428,
      "specific_humidity_3_dex": 1.4498435258865356,
      "specific_humidity_4_dex": 1.2882627248764038,
      "specific_humidity_5_dex": 1.023145079612732,