{
  "subset": "single-complete",
  "protocol": "standard",
  "n_test": 50,
  "n_samples": 1,
  "rmse": {
    "per_field": {
      "surface_temperature": 14.923625946044922,
      "temperature_0": 10.30489730834961,
      "temperature_1": 10.151897430419922,
      "temperature_2": 9.980690002441406,
      "temperature_3": 9.821889877319336,
      "temperature_4": 10.00913143157959,
      "temperature_5": 11.987870216369629,
      "temperature_6": 15.637930870056152,
      "temperature_7": 20.96825408935547,
      "temperature_8": 22.527738571166992,
      "specific_humidity_0_dex": 0.45811280608177185,
      "specific_humidity_1_dex": 0.46634846925735474,
      "specific_humidity_2_dex": 0.49784791469573975,
      "specific_humidity_3_dex": 0.5683947205543518,
      "specific_humidity_4_dex": 0.666880190372467,
      "specific_humidity_5_dex": 0.8322979807853699,
      "specific_humidity_6_dex": 0.963951587677002,
      "specific_humidity_7_dex": 1.037450909614563,
      "specific_humidity_8_dex": 1.0990350246429443,
      "asr": 38.82661056518555,
      "olr": 26.4520263671875,
      "cloud_fraction_0": 0.18805526196956635,
      "cloud_fraction_1": 0.1621827632188797,
      "cloud_fraction_2": 0.12696732580661774,
      "cloud_fraction_3": 0.09958353638648987,
      "cloud_fraction_4": 0.08830471336841583,
      "cloud_fraction_5": 0.10035967081785202,
      "cloud_fraction_6": 0.0910678505897522,
      "cloud_fraction_7": 0.06807038187980652,
      "cloud_fraction_8": 0.03793296962976456,
      "u_0": 3.831005334854126,
      "u_1": 4.732489109039307,
      "u_2": 6.476050853729248,
      "u_3": 8.75536060333252,
      "u_4": 10.563626289367676,
      "u_5": 11.800771713256836,
      "u_6": 13.0651273727417,
      "u_7": 13.663229942321777,
      "u_8": 14.147660255432129,
      "v_0": 2.5484795570373535,
      "v_1": 3.2009389400482178,
      "v_2": 4.6301655769348145,
      "v_3": 5.825430870056152,
      "v_4": 6.033868789672852,
      "v_5": 5.769704818725586,
      "v_6": 5.499578475952148,
      "v_7": 4.6989426612854,
      "v_8": 3.542858362197876
    },
    "per_variable": {
      "surface_temperature": 14.923625946044922,
      "temperature": 13.487811088562012,
      "specific_humidity_dex": 0.732257733742396,
      "cloud_fraction": 0.10694716374079387,
      "u": 9.670591274897257,
      "v": 4.638885339101155,
      "asr": 38.82661056518555,
      "olr": 26.4520263671875
    }
  },
  "acc": {
    "per_field": {
      "surface_temperature": 0.9713303446769714,
      "temperature_0": 0.9153749346733093,
      "temperature_1": 0.8875498175621033,
      "temperature_2": 0.8043681383132935,
      "temperature_3": 0.6688284277915955,
      "temperature_4": 0.33448120951652527,
      "temperature_5": 0.007853133603930473,
      "temperature_6": 0.4226517081260681,
      "temperature_7": 0.4286996126174927,
      "temperature_8": 0.11789346486330032,
      "specific_humidity_0_dex": 0.9360595941543579,
      "specific_humidity_1_dex": 0.917979896068573,
      "specific_humidity_2_dex": 0.8712140917778015,
      "specific_humidity_3_dex": 0.8314607739448547,
      "specific_humidity_4_dex": 0.8351355791091919,
      "specific_humidity_5_dex": 0.8601382374763489,
      "specific_humidity_6_dex": 0.8377234935760498,
      "specific_humidity_7_dex": 0.7621510028839111,
      "specific_humidity_8_dex": 0.44323867559432983,
      "asr": 0.9945690631866455,
      "olr": 0.8740373253822327,
      "cloud_fraction_0": 0.6253980398178101,
      "cloud_fraction_1": 0.6711632013320923,
      "cloud_fraction_2": 0.7416882514953613,
      "cloud_fraction_3": 0.7928289175033569,
      "cloud_fraction_4": 0.8108097314834595,
      "cloud_fraction_5": 0.8255895972251892,
      "cloud_fraction_6": 0.7861963510513306,
      "cloud_fraction_7": 0.6912494897842407,
      "cloud_fraction_8": 0.37821972370147705,
      "u_0": 0.7899441719055176,
      "u_1": 0.7193328142166138,
      "u_2": 0.67633056640625,
      "u_3": 0.6585925221443176,
      "u_4": 0.6461353898048401,
      "u_5": 0.6555912494659424,
      "u_6": 0.6441708207130432,
      "u_7": 0.5191816687583923,
      "u_8": 0.2831968069076538,
      "v_0": 0.7714916467666626,
      "v_1": 0.7130399942398071,
      "v_2": 0.6264305710792542,
      "v_3": 0.5699141025543213,
      "v_4": 0.657865047454834,
      "v_5": 0.7206924557685852,
      "v_6": 0.6489256024360657,
      "v_7": 0.574728786945343,
      "v_8": 0.4051304757595062
    },
    "per_variable": {
      "surface_temperature": 0.9713303446769714,
      "temperature": 0.5097444941186242,
      "specific_humidity_dex": 0.8105668160650465,
      "cloud_fraction": 0.7025714781549242,
      "u": 0.6213862233691745,
      "v": 0.6320242981115977,
      "asr": 0.9945690631866455,
      "olr": 0.8740373253822327
    }
  }
}
