variable,gplfr,gplfr_field_coreg,gplfr_field_coreg_learn_weights
surface_temperature,8.223518371582031,8.155213356018066,7.994675159454346
temperature,6.865157413482666,6.937788391113282,6.678354120254516
specific_humidity_dex,0.3673406273126602,0.367787230014801,0.35075461566448213
cloud_fraction,0.03691571415401995,0.036321868235245344,0.03854265329428017
u,7.646299910545349,7.656749415397644,7.66077024936676
v,3.2424930572509765,3.2817174673080443,3.3590649247169493
asr,20.746417999267578,19.986740112304688,20.551963806152344
olr,13.642518043518066,13.044418334960938,13.527822494506836
