{
  "subset": "single-complete",
  "protocol": "standard",
  "n_test": 50,
  "n_samples": 64,
  "rmse": {
    "per_field": {
      "surface_temperature": 11.294301986694336,
      "temperature_0": 8.628329277038574,
      "temperature_1": 8.443938255310059,
      "temperature_2": 8.145862579345703,
      "temperature_3": 8.065448760986328,
      "temperature_4": 8.12131118774414,
      "temperature_5": 8.924818992614746,
      "temperature_6": 9.573522567749023,
      "temperature_7": 12.493583679199219,
      "temperature_8": 14.465459823608398,
      "specific_humidity_0_dex": 0.34977081418037415,
      "specific_humidity_1_dex": 0.36453619599342346,
      "specific_humidity_2_dex": 0.39743882417678833,
      "specific_humidity_3_dex": 0.46297404170036316,
      "specific_humidity_4_dex": 0.5253841280937195,
      "specific_humidity_5_dex": 0.6095271110534668,
      "specific_humidity_6_dex": 0.6934892535209656,
      "specific_humidity_7_dex": 0.7052148580551147,
      "specific_humidity_8_dex": 0.7829782366752625,
      "asr": 29.5908203125,
      "olr": 20.24094581604004,
      "cloud_fraction_0": 0.1628895401954651,
      "cloud_fraction_1": 0.14842794835567474,
      "cloud_fraction_2": 0.11275982856750488,
      "cloud_fraction_3": 0.08847107738256454,
      "cloud_fraction_4": 0.07508541643619537,
      "cloud_fraction_5": 0.08354572206735611,
      "cloud_fraction_6": 0.07866811007261276,
      "cloud_fraction_7": 0.06954754143953323,
      "cloud_fraction_8": 0.03830241411924362,
      "u_0": 3.3324086666107178,
      "u_1": 3.9837470054626465,
      "u_2": 5.659486293792725,
      "u_3": 8.056922912597656,
      "u_4": 10.094521522521973,
      "u_5": 11.527009010314941,
      "u_6": 12.73315143585205,
      "u_7": 11.953265190124512,
      "u_8": 13.699736595153809,
      "v_0": 2.454529047012329,
      "v_1": 3.042163133621216,
      "v_2": 4.290380477905273,
      "v_3": 5.4059882164001465,
      "v_4": 5.721493721008301,
      "v_5": 5.788421630859375,
      "v_6": 5.551877021789551,
      "v_7": 4.821911811828613,
      "v_8": 3.316925287246704
    },
    "per_variable": {
      "surface_temperature": 11.294301986694336,
      "temperature": 9.6513639026218,
      "specific_humidity_dex": 0.5434792737166086,
      "cloud_fraction": 0.09529973318179448,
      "u": 9.004472070270115,
      "v": 4.488187816407946,
      "asr": 29.5908203125,
      "olr": 20.24094581604004
    }
  },
  "acc": {
    "per_field": {
      "surface_temperature": 0.9633201360702515,
      "temperature_0": 0.9108024835586548,
      "temperature_1": 0.886179506778717,
      "temperature_2": 0.8489930033683777,
      "temperature_3": 0.7632838487625122,
      "temperature_4": 0.5939153432846069,
      "temperature_5": 0.5878541469573975,
      "temperature_6": 0.6320393085479736,
      "temperature_7": 0.49248799681663513,
      "temperature_8": 0.35607150197029114,
      "specific_humidity_0_dex": 0.9393836259841919,
      "specific_humidity_1_dex": 0.9217994213104248,
      "specific_humidity_2_dex": 0.8838300108909607,
      "specific_humidity_3_dex": 0.846640408039093,
      "specific_humidity_4_dex": 0.821063220500946,
      "specific_humidity_5_dex": 0.8280957937240601,
      "specific_humidity_6_dex": 0.8458448648452759,
      "specific_humidity_7_dex": 0.7903364300727844,
      "specific_humidity_8_dex": 0.4492821991443634,
      "asr": 0.9947848320007324,
      "olr": 0.848909854888916,
      "cloud_fraction_0": 0.6960435509681702,
      "cloud_fraction_1": 0.7051560282707214,
      "cloud_fraction_2": 0.7529798150062561,
      "cloud_fraction_3": 0.7970510125160217,
      "cloud_fraction_4": 0.8231413960456848,
      "cloud_fraction_5": 0.8245502710342407,
      "cloud_fraction_6": 0.7988412976264954,
      "cloud_fraction_7": 0.6807193756103516,
      "cloud_fraction_8": 0.4008144438266754,
      "u_0": 0.8256957530975342,
      "u_1": 0.7722926139831543,
      "u_2": 0.7000617980957031,
      "u_3": 0.6974422335624695,
      "u_4": 0.7088584303855896,
      "u_5": 0.6912046670913696,
      "u_6": 0.6366020441055298,
      "u_7": 0.6013303995132446,
      "u_8": 0.5504788756370544,
      "v_0": 0.7577720880508423,
      "v_1": 0.7141940593719482,
      "v_2": 0.6160898208618164,
      "v_3": 0.6203880906105042,
      "v_4": 0.6976678371429443,
      "v_5": 0.7363747954368591,
      "v_6": 0.7013159394264221,
      "v_7": 0.5290206074714661,
      "v_8": 0.24310974776744843
    },
    "per_variable": {
      "surface_temperature": 0.9633201360702515,
      "temperature": 0.6746252377827963,
      "specific_humidity_dex": 0.8140306638346778,
      "cloud_fraction": 0.719921910100513,
      "u": 0.6871074239412943,
      "v": 0.6239925540155835,
      "asr": 0.9947848320007324,
      "olr": 0.848909854888916
    }
  },
  "energy_score": {
    "per_field": {
      "surface_temperature": 9.586636543273926,
      "temperature_0": 7.284763813018799,
      "temperature_1": 7.131567001342773,
      "temperature_2": 6.9526777267456055,
      "temperature_3": 6.994381904602051,
      "temperature_4": 7.012267589569092,
      "temperature_5": 7.570681571960449,
      "temperature_6": 8.02548599243164,
      "temperature_7": 10.531545639038086,
      "temperature_8": 12.415430068969727,
      "specific_humidity_0": 0.29689928889274597,
      "specific_humidity_1": 0.31214016675949097,
      "specific_humidity_2": 0.3443073332309723,
      "specific_humidity_3": 0.4050349295139313,
      "specific_humidity_4": 0.45907554030418396,
      "specific_humidity_5": 0.5350213050842285,
      "specific_humidity_6": 0.6057840585708618,
      "specific_humidity_7": 0.616323709487915,
      "specific_humidity_8": 0.6887569427490234,
      "asr": 26.443889617919922,
      "olr": 17.5284481048584,
      "cloud_fraction_0": 0.13818199932575226,
      "cloud_fraction_1": 0.12656138837337494,
      "cloud_fraction_2": 0.09619464725255966,
      "cloud_fraction_3": 0.07482128590345383,
      "cloud_fraction_4": 0.06335979700088501,
      "cloud_fraction_5": 0.0716487318277359,
      "cloud_fraction_6": 0.06742389500141144,
      "cloud_fraction_7": 0.05994225665926933,
      "cloud_fraction_8": 0.03365391865372658,
      "u_0": 2.9208197593688965,
      "u_1": 3.4976751804351807,
      "u_2": 5.005066394805908,
      "u_3": 7.1643829345703125,
      "u_4": 8.94217300415039,
      "u_5": 10.161779403686523,
      "u_6": 11.187407493591309,
      "u_7": 10.276276588439941,
      "u_8": 11.820594787597656,
      "v_0": 2.186399459838867,
      "v_1": 2.7230029106140137,
      "v_2": 3.8489890098571777,
      "v_3": 4.851852893829346,
      "v_4": 5.11503267288208,
      "v_5": 5.168594837188721,
      "v_6": 4.955537796020508,
      "v_7": 4.2975382804870605,
      "v_8": 2.896014928817749
    },
    "per_variable": {
      "surface_temperature": 9.586636543273926,
      "temperature": 8.21320014529758,
      "specific_humidity_dex": 0.47370480828815037,
      "cloud_fraction": 0.08130976888868544,
      "u": 7.886241727405125,
      "v": 4.004773643281725,
      "asr": 26.443889617919922,
      "olr": 17.5284481048584
    }
  },
  "spread_skill_ratio": {
    "per_field": {
      "surface_temperature": 0.30145907402038574,
      "temperature_0": 0.3224044740200043,
      "temperature_1": 0.3280635476112366,
      "temperature_2": 0.3320382535457611,
      "temperature_3": 0.3156861960887909,
      "temperature_4": 0.31121620535850525,
      "temperature_5": 0.29477110505104065,
      "temperature_6": 0.3288614749908447,
      "temperature_7": 0.26846617460250854,
      "temperature_8": 0.22289128601551056,
      "specific_humidity_0": 0.28066277503967285,
      "specific_humidity_1": 0.2683386504650116,
      "specific_humidity_2": 0.25174692273139954,
      "specific_humidity_3": 0.23172461986541748,
      "specific_humidity_4": 0.22925198078155518,
      "specific_humidity_5": 0.2412709891796112,
      "specific_humidity_6": 0.2344987392425537,