{
  "method": "knn",
  "subset": "single-complete",
  "data_dir": "dataset",
  "out_dir": "results/models/single-complete/knn",
  "seed": 0,
  "dtype": "float64",
  "device": "auto",
  "CV_sweep": {
    "n_folds": 5,
    "k": [
      1,
      2,
      3,
      5,
      10
    ],
    "gcm_penalty": [
      0.0,
      0.3,
      1.0,
      3.0,
      10.0
    ],
    "objective": "equal_group_normalized_rmse",
    "scores": {
      "0.0": {
        "1": 0.5414583683013916,
        "2": 0.5297520160675049,
        "3": 0.5201295390725136,
        "5": 0.5307597316801548,
        "10": 0.5767994694411754
      },
      "0.3": {
        "1": 0.5414583683013916,
        "2": 0.5297520160675049,
        "3": 0.5201295390725136,
        "5": 0.5307597316801548,
        "10": 0.5767994694411754
      },
      "1.0": {
        "1": 0.5414583683013916,
        "2": 0.5297520160675049,
        "3": 0.5201295390725136,
        "5": 0.5307597316801548,
        "10": 0.5767994694411754
      },
      "3.0": {
        "1": 0.5414583683013916,
        "2": 0.5297520160675049,
        "3": 0.5201295390725136,
        "5": 0.5307597316801548,
        "10": 0.5767994694411754
      },
      "10.0": {
        "1": 0.5414583683013916,
        "2": 0.5297520160675049,
        "3": 0.5201295390725136,
        "5": 0.5307597316801548,
        "10": 0.5767994694411754
      }
    }
  },
  "best": {
    "k": 3,
    "gcm_penalty": 0.0,
    "cv_equal_group_normalized_rmse": 0.5201295390725136
  }
}
