{
  "subset": "single-complete",
  "protocol": "standard",
  "n_test": 50,
  "n_samples": 1,
  "rmse": {
    "per_field": {
      "surface_temperature": 13.409004211425781,
      "temperature_0": 8.112793922424316,
      "temperature_1": 8.101950645446777,
      "temperature_2": 8.408185958862305,
      "temperature_3": 8.947613716125488,
      "temperature_4": 9.481698036193848,
      "temperature_5": 11.182760238647461,
      "temperature_6": 11.846271514892578,
      "temperature_7": 16.13045883178711,
      "temperature_8": 18.36651039123535,
      "specific_humidity_0_dex": 0.40792006254196167,
      "specific_humidity_1_dex": 0.4261285662651062,
      "specific_humidity_2_dex": 0.46274128556251526,
      "specific_humidity_3_dex": 0.5179400444030762,
      "specific_humidity_4_dex": 0.5908224582672119,
      "specific_humidity_5_dex": 0.7210514545440674,
      "specific_humidity_6_dex": 0.7873428463935852,
      "specific_humidity_7_dex": 0.7775751352310181,
      "specific_humidity_8_dex": 0.7842537760734558,
      "asr": 31.664419174194336,
      "olr": 21.934791564941406,
      "cloud_fraction_0": 0.15645146369934082,
      "cloud_fraction_1": 0.13837189972400665,
      "cloud_fraction_2": 0.11402089893817902,
      "cloud_fraction_3": 0.08741633594036102,
      "cloud_fraction_4": 0.07305270433425903,
      "cloud_fraction_5": 0.07708272337913513,
      "cloud_fraction_6": 0.07326754927635193,
      "cloud_fraction_7": 0.05688545107841492,
      "cloud_fraction_8": 0.030135400593280792,
      "u_0": 3.2184090614318848,
      "u_1": 3.8068621158599854,
      "u_2": 5.260198593139648,
      "u_3": 7.309737682342529,
      "u_4": 9.276188850402832,
      "u_5": 11.323271751403809,
      "u_6": 13.182229995727539,
      "u_7": 13.320213317871094,
      "u_8": 13.214768409729004,
      "v_0": 2.2904443740844727,
      "v_1": 2.761899471282959,
      "v_2": 3.7024872303009033,
      "v_3": 4.491610050201416,
      "v_4": 4.674963474273682,
      "v_5": 4.900397777557373,
      "v_6": 5.22712516784668,
      "v_7": 4.310399055480957,
      "v_8": 2.9364447593688965
    },
    "per_variable": {
      "surface_temperature": 13.409004211425781,
      "temperature": 11.175360361735025,
      "specific_humidity_dex": 0.6084195143646665,
      "cloud_fraction": 0.08963160299592549,
      "u": 8.879097753100925,
      "v": 3.921752373377482,
      "asr": 31.664419174194336,
      "olr": 21.934791564941406
    }
  },
  "acc": {
    "per_field": {
      "surface_temperature": 0.9736183881759644,
      "temperature_0": 0.9377734661102295,
      "temperature_1": 0.921143651008606,
      "temperature_2": 0.8984028697013855,
      "temperature_3": 0.8118715882301331,
      "temperature_4": 0.560303270816803,
      "temperature_5": 0.37901169061660767,
      "temperature_6": 0.5392204523086548,
      "temperature_7": 0.4906712770462036,
      "temperature_8": 0.42842262983322144,
      "specific_humidity_0_dex": 0.9513370990753174,
      "specific_humidity_1_dex": 0.9377027750015259,
      "specific_humidity_2_dex": 0.8991228342056274,
      "specific_humidity_3_dex": 0.8602144122123718,
      "specific_humidity_4_dex": 0.8584349751472473,
      "specific_humidity_5_dex": 0.8769769072532654,
      "specific_humidity_6_dex": 0.8330302238464355,
      "specific_humidity_7_dex": 0.7891894578933716,
      "specific_humidity_8_dex": 0.3849888741970062,
      "asr": 0.9940649271011353,
      "olr": 0.8868163228034973,
      "cloud_fraction_0": 0.7132807970046997,
      "cloud_fraction_1": 0.723684549331665,
      "cloud_fraction_2": 0.7465313673019409,
      "cloud_fraction_3": 0.7877500653266907,
      "cloud_fraction_4": 0.833829939365387,
      "cloud_fraction_5": 0.8420866131782532,
      "cloud_fraction_6": 0.7969388365745544,
      "cloud_fraction_7": 0.6926804184913635,
      "cloud_fraction_8": 0.4156438112258911,
      "u_0": 0.8462501764297485,
      "u_1": 0.8086046576499939,
      "u_2": 0.7706311941146851,
      "u_3": 0.767276406288147,
      "u_4": 0.7626765966415405,
      "u_5": 0.747806191444397,
      "u_6": 0.7385576367378235,
      "u_7": 0.6490516662597656,
      "u_8": 0.4925973117351532,
      "v_0": 0.7987788319587708,
      "v_1": 0.7693040370941162,
      "v_2": 0.7081729173660278,
      "v_3": 0.6947230696678162,
      "v_4": 0.7642062902450562,
      "v_5": 0.7937965989112854,
      "v_6": 0.7365208268165588,
      "v_7": 0.6384364366531372,
      "v_8": 0.5431082248687744
    },
    "per_variable": {
      "surface_temperature": 0.9736183881759644,
      "temperature": 0.6629800995190939,
      "specific_humidity_dex": 0.8212219509813521,
      "cloud_fraction": 0.7280473775333829,
      "u": 0.7314946485890282,
      "v": 0.7163385815090604,
      "asr": 0.9940649271011353,
      "olr": 0.8868163228034973
    }
  }
}
