{
  "method": "knn",
  "subset": "multi-partial",
  "data_dir": "dataset",
  "out_dir": "results/models/multi-partial/knn",
  "seed": 0,
  "dtype": "float64",
  "device": "auto",
  "CV_sweep": {
    "n_folds": 5,
    "k": [
      1,
      2,
      3,
      5,
      10
    ],
    "gcm_penalty": [
      0.0,
      0.3,
      1.0,
      3.0,
      10.0
    ],
    "objective": "equal_group_normalized_rmse",
    "scores": {
      "0.0": {
        "1": 0.32969035021960735,
        "2": 0.2859226170927286,
        "3": 0.2802648667246103,
        "5": 0.28513806425035,
        "10": 0.3047017611563206
      },
      "0.3": {
        "1": 0.31657970175147054,
        "2": 0.2758160885423422,
        "3": 0.27267113626003264,
        "5": 0.27816978879272936,
        "10": 0.29952438846230506
      },
      "1.0": {
        "1": 0.30184559635818003,
        "2": 0.2582702059298754,
        "3": 0.2557443019002676,
        "5": 0.2627559583634138,
        "10": 0.28540017232298853
      },
      "3.0": {
        "1": 0.3009028170257807,
        "2": 0.25793458744883535,
        "3": 0.2547314684838057,
        "5": 0.2605388812720776,
        "10": 0.2826219156384468
      },
      "10.0": {
        "1": 0.3002091471105814,
        "2": 0.25795445367693903,
        "3": 0.2545476365834475,
        "5": 0.26034636087715624,
        "10": 0.28251123391091826
      }
    }
  },
  "best": {
    "k": 3,
    "gcm_penalty": 10.0,
    "cv_equal_group_normalized_rmse": 0.2545476365834475
  }
}
