{
  "subset": "multi-partial",
  "protocol": "standard",
  "n_test": 100,
  "n_samples": 1,
  "rmse": {
    "per_field": {
      "surface_temperature": 20.53756332397461,
      "temperature_0": 15.161856651306152,
      "temperature_1": 14.797037124633789,
      "temperature_2": 14.593901634216309,
      "temperature_3": 14.741069793701172,
      "temperature_4": 15.098692893981934,
      "temperature_5": 16.25092315673828,
      "temperature_6": 17.64273452758789,
      "temperature_7": 19.78917694091797,
      "temperature_8": 20.476303100585938,
      "temperature_9": 16.360862731933594,
      "specific_humidity_0_dex": 0.6187283396720886,
      "specific_humidity_1_dex": 0.622463047504425,
      "specific_humidity_2_dex": 0.6551336646080017,
      "specific_humidity_3_dex": 0.7240534424781799,
      "specific_humidity_4_dex": 0.8149055242538452,
      "specific_humidity_5_dex": 0.9366133213043213,
      "specific_humidity_6_dex": 1.0541940927505493,
      "specific_humidity_7_dex": 1.1415355205535889,
      "specific_humidity_8_dex": 1.1553822755813599,
      "specific_humidity_9_dex": 1.073144793510437,
      "asr": 37.7646598815918,
      "olr": 26.98819351196289,
      "cloud_fraction_0": 0.128930926322937,
      "cloud_fraction_1": 0.11704086512327194,
      "cloud_fraction_2": 0.09414016455411911,
      "cloud_fraction_3": 0.07605332136154175,
      "cloud_fraction_4": 0.06650044023990631,
      "cloud_fraction_5": 0.06696294993162155,
      "cloud_fraction_6": 0.05660483241081238,
      "cloud_fraction_7": 0.04832196608185768,
      "cloud_fraction_8": 0.02870664931833744,
      "cloud_fraction_9": 0.019828638061881065,
      "u_0": 3.496594190597534,
      "u_1": 4.280198097229004,
      "u_2": 6.09702205657959,
      "u_3": 8.250930786132812,
      "u_4": 10.302253723144531,
      "u_5": 12.079873085021973,
      "u_6": 13.920138359069824,
      "u_7": 15.517767906188965,
      "u_8": 16.563405990600586,
      "u_9": 23.1060848236084,
      "v_0": 2.4080777168273926,
      "v_1": 2.9373505115509033,
      "v_2": 3.966878890991211,
      "v_3": 4.933230876922607,
      "v_4": 5.513044357299805,
      "v_5": 5.899513244628906,
      "v_6": 6.258503437042236,
      "v_7": 6.0535736083984375,
      "v_8": 5.299769878387451,
      "v_9": 4.310648441314697
    },
    "per_variable": {
      "surface_temperature": 20.53756332397461,
      "temperature": 16.491255855560304,
      "specific_humidity_dex": 0.8796154022216797,
      "cloud_fraction": 0.07030907534062862,
      "u": 11.361426901817321,
      "v": 4.758059096336365,
      "asr": 37.7646598815918,
      "olr": 26.98819351196289
    }
  },
  "acc": {
    "per_field": {
      "surface_temperature": 0.9692226648330688,
      "temperature_0": 0.9226059913635254,
      "temperature_1": 0.9101226329803467,
      "temperature_2": 0.8908051252365112,
      "temperature_3": 0.8391108512878418,
      "temperature_4": 0.6197134256362915,
      "temperature_5": 0.35886693000793457,
      "temperature_6": 0.49476462602615356,
      "temperature_7": 0.5348249673843384,
      "temperature_8": 0.38759559392929077,
      "temperature_9": 0.4567294716835022,
      "specific_humidity_0_dex": 0.8924985527992249,
      "specific_humidity_1_dex": 0.8764176964759827,
      "specific_humidity_2_dex": 0.8392492532730103,
      "specific_humidity_3_dex": 0.8242588043212891,
      "specific_humidity_4_dex": 0.8398192524909973,
      "specific_humidity_5_dex": 0.8581878542900085,
      "specific_humidity_6_dex": 0.8599434494972229,
      "specific_humidity_7_dex": 0.8046861886978149,
      "specific_humidity_8_dex": 0.538619875907898,
      "specific_humidity_9_dex": 0.35842669010162354,
      "asr": 0.9946697950363159,
      "olr": 0.7837823033332825,
      "cloud_fraction_0": 0.5727669596672058,
      "cloud_fraction_1": 0.6346176862716675,
      "cloud_fraction_2": 0.7189214825630188,
      "cloud_fraction_3": 0.741915762424469,
      "cloud_fraction_4": 0.7401735186576843,
      "cloud_fraction_5": 0.7433406114578247,
      "cloud_fraction_6": 0.7230213284492493,
      "cloud_fraction_7": 0.6652213335037231,
      "cloud_fraction_8": 0.4911358654499054,
      "cloud_fraction_9": 0.20347848534584045,
      "u_0": 0.8338515162467957,
      "u_1": 0.7923612594604492,
      "u_2": 0.7449944019317627,
      "u_3": 0.7524625062942505,
      "u_4": 0.7646521329879761,
      "u_5": 0.7727290391921997,
      "u_6": 0.7429952621459961,
      "u_7": 0.6710742115974426,
      "u_8": 0.546205997467041,
      "u_9": 0.5049632787704468,
      "v_0": 0.7623708844184875,
      "v_1": 0.7215045094490051,
      "v_2": 0.6993828415870667,
      "v_3": 0.7293052077293396,
      "v_4": 0.7544400691986084,
      "v_5": 0.7804791331291199,
      "v_6": 0.7429051399230957,
      "v_7": 0.6753082871437073,
      "v_8": 0.6313064694404602,
      "v_9": 0.5683689117431641
    },
    "per_variable": {
      "surface_temperature": 0.9692226648330688,
      "temperature": 0.6415139615535737,
      "specific_humidity_dex": 0.7692107617855072,
      "cloud_fraction": 0.6234593033790589,
      "u": 0.712628960609436,
      "v": 0.7065371453762055,
      "asr": 0.9946697950363159,
      "olr": 0.7837823033332825
    }
  }
}
