{
  "subset": "multi-partial",
  "protocol": "shared_planets",
  "n_test": 60,
  "n_samples": 1,
  "rmse": {
    "per_field": {
      "surface_temperature": 19.82741928100586,
      "temperature_0": 13.826321601867676,
      "temperature_1": 13.435527801513672,
      "temperature_2": 13.367815017700195,
      "temperature_3": 13.774006843566895,
      "temperature_4": 14.346858978271484,
      "temperature_5": 15.448565483093262,
      "temperature_6": 17.187015533447266,
      "temperature_7": 19.697240829467773,
      "temperature_8": 20.754796981811523,
      "temperature_9": 18.32549285888672,
      "specific_humidity_0_dex": 0.5628225803375244,
      "specific_humidity_1_dex": 0.57340008020401,
      "specific_humidity_2_dex": 0.6303370594978333,
      "specific_humidity_3_dex": 0.7242303490638733,
      "specific_humidity_4_dex": 0.829059898853302,
      "specific_humidity_5_dex": 0.9742172360420227,
      "specific_humidity_6_dex": 1.1187859773635864,
      "specific_humidity_7_dex": 1.2140376567840576,
      "specific_humidity_8_dex": 1.2834826707839966,
      "specific_humidity_9_dex": 1.241573452949524,
      "asr": 47.82229995727539,
      "olr": 32.006126403808594,
      "cloud_fraction_0": 0.1327465921640396,
      "cloud_fraction_1": 0.12035106122493744,
      "cloud_fraction_2": 0.09668590873479843,
      "cloud_fraction_3": 0.08035791665315628,
      "cloud_fraction_4": 0.07005144655704498,
      "cloud_fraction_5": 0.06829837709665298,
      "cloud_fraction_6": 0.059683289378881454,
      "cloud_fraction_7": 0.05176270753145218,
      "cloud_fraction_8": 0.03211509436368942,
      "cloud_fraction_9": 0.024099232628941536,
      "u_0": 3.622695207595825,
      "u_1": 4.42565393447876,
      "u_2": 6.2980523109436035,
      "u_3": 8.494525909423828,
      "u_4": 10.747801780700684,
      "u_5": 12.585373878479004,
      "u_6": 14.575185775756836,
      "u_7": 15.732991218566895,
      "u_8": 15.927570343017578,
      "u_9": 22.32942008972168,
      "v_0": 2.63379168510437,
      "v_1": 3.185703992843628,
      "v_2": 4.2503743171691895,
      "v_3": 5.225694179534912,
      "v_4": 5.8269500732421875,
      "v_5": 6.118710041046143,
      "v_6": 6.602892875671387,
      "v_7": 6.379642009735107,
      "v_8": 5.445970058441162,
      "v_9": 3.6953256130218506
    },
    "per_variable": {
      "surface_temperature": 19.82741928100586,
      "temperature": 16.016364192962648,
      "specific_humidity_dex": 0.915194696187973,
      "cloud_fraction": 0.07361516263335943,
      "u": 11.47392704486847,
      "v": 4.9365054845809935,
      "asr": 47.82229995727539,
      "olr": 32.006126403808594
    }
  },
  "acc": {
    "per_field": {
      "surface_temperature": 0.973192036151886,
      "temperature_0": 0.9431262612342834,
      "temperature_1": 0.9322458505630493,
      "temperature_2": 0.9152538180351257,
      "temperature_3": 0.8615392446517944,
      "temperature_4": 0.6054598689079285,
      "temperature_5": 0.2507062256336212,
      "temperature_6": 0.45500168204307556,
      "temperature_7": 0.643054187297821,
      "temperature_8": 0.37264660000801086,
      "temperature_9": 0.35117360949516296,
      "specific_humidity_0_dex": 0.9260169863700867,
      "specific_humidity_1_dex": 0.9100987911224365,
      "specific_humidity_2_dex": 0.8648473024368286,
      "specific_humidity_3_dex": 0.8401167988777161,
      "specific_humidity_4_dex": 0.8425190448760986,
      "specific_humidity_5_dex": 0.869389533996582,
      "specific_humidity_6_dex": 0.8597202301025391,
      "specific_humidity_7_dex": 0.8251953721046448,
      "specific_humidity_8_dex": 0.5197778940200806,
      "specific_humidity_9_dex": 0.2802753746509552,
      "asr": 0.9937484264373779,
      "olr": 0.7647920250892639,
      "cloud_fraction_0": 0.5357860922813416,
      "cloud_fraction_1": 0.6194391846656799,
      "cloud_fraction_2": 0.7225891947746277,
      "cloud_fraction_3": 0.7428945899009705,
      "cloud_fraction_4": 0.7637404203414917,
      "cloud_fraction_5": 0.7696065306663513,
      "cloud_fraction_6": 0.7499276399612427,
      "cloud_fraction_7": 0.6925621032714844,
      "cloud_fraction_8": 0.4963141679763794,
      "cloud_fraction_9": 0.14410176873207092,
      "u_0": 0.8491808176040649,
      "u_1": 0.8189225792884827,
      "u_2": 0.7788959741592407,
      "u_3": 0.7822645306587219,
      "u_4": 0.7869068384170532,
      "u_5": 0.7948896288871765,
      "u_6": 0.767765462398529,
      "u_7": 0.6919004321098328,
      "u_8": 0.5672206878662109,
      "u_9": 0.43603694438934326,
      "v_0": 0.7584089636802673,
      "v_1": 0.7275624871253967,
      "v_2": 0.730381190776825,
      "v_3": 0.7592772245407104,
      "v_4": 0.7801727652549744,
      "v_5": 0.8209871649742126,
      "v_6": 0.7864353656768799,
      "v_7": 0.6884876489639282,
      "v_8": 0.6630369424819946,
      "v_9": 0.4796486496925354
    },
    "per_variable": {
      "surface_temperature": 0.973192036151886,
      "temperature": 0.6330207347869873,
      "specific_humidity_dex": 0.7737957328557968,
      "cloud_fraction": 0.623696169257164,
      "u": 0.7273983895778656,
      "v": 0.7194398403167724,
      "asr": 0.9937484264373779,
      "olr": 0.7647920250892639
    }
  },
  "relative_rmse": {
    "per_field": {
      "surface_temperature": 1.4197611808776855,
      "temperature_0": 1.2436307668685913,
      "temperature_1": 1.2989095449447632,
      "temperature_2": 1.385941982269287,
      "temperature_3": 1.68230402469635,
      "temperature_4": 1.8563858270645142,
      "temperature_5": 1.850387692451477,
      "temperature_6": 2.1245882511138916,
      "temperature_7": 2.657783269882202,
      "temperature_8": 3.417611598968506,
      "temperature_9": 2.638359308242798,
      "specific_humidity_0_dex": 1.3130874633789062,
      "specific_humidity_1_dex": 1.2310351133346558,
      "specific_humidity_2_dex": 1.2089289426803589,
      "specific_humidity_3_dex": 1.281470537185669,
      "specific_humidity_4_dex": 1.3676542043685913,
      "specific_humidity_5_dex": 1.481525182723999,
      "specific_humidity_6_dex": 1.722475528717041,
      "specific_humidity_7_dex": 1.665676474571228,
      "specific_humidity_8_dex": 3.3564436435699463,
      "specific_humidity_9_dex": 1.7310791015625,
      "asr": 1.0558264255523682,
      "olr": 1.1375106573104858,
      "cloud_fraction_0": 0.41964825987815857,
      "cloud_fraction_1": 0.48958712816238403,
      "cloud_fraction_2": 0.6181462407112122,
      "cloud_fraction_3": 0.6523033380508423,
      "cloud_fraction_4": 0.6952815055847168,
      "cloud_fraction_5": 0.6064557433128357,
      "cloud_fraction_6": 2.5122487545013428,
      "cloud_fraction_7": 13.321661949157715,
      "cloud_fraction_8": 33.43437576293945,
      "cloud_fraction_9": 30.31399917602539,
      "u_0": 0.8515374660491943,
      "u_1": 0.8885026574134827,
      "u_2": 0.9832065105438232,
      "u_3": 0.9859912991523743,
      "u_4": 0.9476333856582642,
      "u_5": 0.8879146575927734,
      "u_6": 0.8978520035743713,
      "u_7": 0.9761449694633484,
      "u_8": 1.4352792501449585,
      "u_9": 0.8781869411468506,
      "v_0": 0.9132483601570129,
      "v_1": 0.9616954326629639,
      "v_2": 0.9342568516731262,
      "v_3": 0.8966513276100159,
      "v_4": 0.8607761263847351,
      "v_5": 0.8957011699676514,
      "v_6": 1.0010744333267212,
      "v_7": 1.128214716911316,
      "v_8": 1.4669935703277588,
      "v_9": 3.068279981613159
    },
    "per_variable": {
      "surface_temperature": 1.419761061668396,
      "temperature": 1.352992296218872,
      "specific_humidity_dex": 1.3126972913742065,
      "cloud_fraction": 0.472541868686676,
      "u": 0.8275867700576782,
      "v": 0.8438405394554138,
      "asr": 1.0558263063430786,
      "olr": 1.1375106573104858
    }
  },
  "relative_acc": {
    "per_field": {
      "surface_temperature": 1.0532327890396118,
      "temperature_0": 1.1924490928649902,
      "temperature_1": 1.2512108087539673,