{
  "subset": "single-complete",
  "protocol": "standard",
  "n_test": 50,
  "n_samples": 64,
  "rmse": {
    "per_field": {
      "surface_temperature": 11.079547882080078,
      "temperature_0": 8.09026050567627,
      "temperature_1": 7.968951225280762,
      "temperature_2": 7.660162925720215,
      "temperature_3": 7.607602119445801,
      "temperature_4": 7.76103401184082,
      "temperature_5": 8.177696228027344,
      "temperature_6": 8.230384826660156,
      "temperature_7": 10.32187271118164,
      "temperature_8": 12.944151878356934,
      "specific_humidity_0_dex": 0.3452649414539337,
      "specific_humidity_1_dex": 0.35272493958473206,
      "specific_humidity_2_dex": 0.37811338901519775,
      "specific_humidity_3_dex": 0.4380524754524231,
      "specific_humidity_4_dex": 0.49919116497039795,
      "specific_humidity_5_dex": 0.5909503102302551,
      "specific_humidity_6_dex": 0.6493816375732422,
      "specific_humidity_7_dex": 0.6249620318412781,
      "specific_humidity_8_dex": 0.6552071571350098,
      "asr": 29.30398941040039,
      "olr": 18.852689743041992,
      "cloud_fraction_0": 0.14093519747257233,
      "cloud_fraction_1": 0.12660008668899536,
      "cloud_fraction_2": 0.10345599800348282,
      "cloud_fraction_3": 0.07849230617284775,
      "cloud_fraction_4": 0.06339576095342636,
      "cloud_fraction_5": 0.06505301594734192,
      "cloud_fraction_6": 0.05687243491411209,
      "cloud_fraction_7": 0.04665331915020943,
      "cloud_fraction_8": 0.032923709601163864,
      "u_0": 2.9087843894958496,
      "u_1": 3.427170515060425,
      "u_2": 4.525430679321289,
      "u_3": 6.3895978927612305,
      "u_4": 7.986849308013916,
      "u_5": 9.195099830627441,
      "u_6": 10.479191780090332,
      "u_7": 10.008185386657715,
      "u_8": 9.868636131286621,
      "v_0": 2.061159133911133,
      "v_1": 2.502194404602051,
      "v_2": 3.3849258422851562,
      "v_3": 4.114297389984131,
      "v_4": 4.3660783767700195,
      "v_5": 4.419787406921387,
      "v_6": 4.273358345031738,
      "v_7": 3.665053129196167,
      "v_8": 2.6838560104370117
    },
    "per_variable": {
      "surface_temperature": 11.079547882080078,
      "temperature": 8.751346270243326,
      "specific_humidity_dex": 0.5037608941396078,
      "cloud_fraction": 0.07937575876712799,
      "u": 7.198771768146091,
      "v": 3.4967455599043102,
      "asr": 29.30398941040039,
      "olr": 18.852689743041992
    }
  },
  "acc": {
    "per_field": {
      "surface_temperature": 0.9738911390304565,
      "temperature_0": 0.9398269057273865,
      "temperature_1": 0.924278974533081,
      "temperature_2": 0.8974249958992004,
      "temperature_3": 0.8233047723770142,
      "temperature_4": 0.6590431332588196,
      "temperature_5": 0.588969886302948,
      "temperature_6": 0.68827223777771,
      "temperature_7": 0.5573011636734009,
      "temperature_8": 0.4244869649410248,
      "specific_humidity_0_dex": 0.9556341767311096,
      "specific_humidity_1_dex": 0.9432905316352844,
      "specific_humidity_2_dex": 0.9134197235107422,
      "specific_humidity_3_dex": 0.8867214918136597,
      "specific_humidity_4_dex": 0.883165717124939,
      "specific_humidity_5_dex": 0.8884711265563965,
      "specific_humidity_6_dex": 0.8715100884437561,
      "specific_humidity_7_dex": 0.8048741817474365,
      "specific_humidity_8_dex": 0.4852362871170044,
      "asr": 0.9954549670219421,
      "olr": 0.8975110054016113,
      "cloud_fraction_0": 0.787964940071106,
      "cloud_fraction_1": 0.8019993305206299,
      "cloud_fraction_2": 0.8115444183349609,
      "cloud_fraction_3": 0.8574134707450867,
      "cloud_fraction_4": 0.8557654619216919,
      "cloud_fraction_5": 0.8670779466629028,
      "cloud_fraction_6": 0.8423506021499634,
      "cloud_fraction_7": 0.7368050217628479,
      "cloud_fraction_8": 0.4306754171848297,
      "u_0": 0.8537142872810364,
      "u_1": 0.8100940585136414,
      "u_2": 0.7901427745819092,
      "u_3": 0.7904971241950989,
      "u_4": 0.7850736975669861,
      "u_5": 0.7713606953620911,
      "u_6": 0.7309873700141907,
      "u_7": 0.6695559024810791,
      "u_8": 0.6172528266906738,
      "v_0": 0.8119499683380127,
      "v_1": 0.7844083309173584,
      "v_2": 0.7637497782707214,
      "v_3": 0.7434942126274109,
      "v_4": 0.7548623085021973,
      "v_5": 0.798488974571228,
      "v_6": 0.768517017364502,
      "v_7": 0.6102365851402283,
      "v_8": 0.32288527488708496
    },
    "per_variable": {
      "surface_temperature": 0.9738911390304565,
      "temperature": 0.7225454482767317,
      "specific_humidity_dex": 0.8480359249644809,
      "cloud_fraction": 0.7768440677060021,
      "u": 0.7576309707429674,
      "v": 0.7065102722909715,
      "asr": 0.9954549670219421,
      "olr": 0.8975110054016113
    }
  },
  "energy_score": {
    "per_field": {
      "surface_temperature": 8.718557357788086,
      "temperature_0": 6.23049259185791,
      "temperature_1": 6.1091790199279785,
      "temperature_2": 5.9163689613342285,
      "temperature_3": 5.865038871765137,
      "temperature_4": 5.901890277862549,
      "temperature_5": 6.273132801055908,
      "temperature_6": 6.360773086547852,
      "temperature_7": 8.391523361206055,
      "temperature_8": 9.859371185302734,
      "specific_humidity_0": 0.27041947841644287,
      "specific_humidity_1": 0.27607738971710205,
      "specific_humidity_2": 0.2963390350341797,
      "specific_humidity_3": 0.3380627930164337,
      "specific_humidity_4": 0.38741207122802734,
      "specific_humidity_5": 0.4678303599357605,
      "specific_humidity_6": 0.5143515467643738,
      "specific_humidity_7": 0.5134197473526001,
      "specific_humidity_8": 0.5106562972068787,
      "asr": 23.974451065063477,
      "olr": 14.92866325378418,
      "cloud_fraction_0": 0.10710705816745758,
      "cloud_fraction_1": 0.09624464809894562,
      "cloud_fraction_2": 0.07663559168577194,
      "cloud_fraction_3": 0.05851977691054344,
      "cloud_fraction_4": 0.05183807387948036,
      "cloud_fraction_5": 0.05492428317666054,
      "cloud_fraction_6": 0.046245500445365906,
      "cloud_fraction_7": 0.037522003054618835,
      "cloud_fraction_8": 0.026843853294849396,
      "u_0": 2.160782814025879,
      "u_1": 2.5622646808624268,
      "u_2": 3.4204678535461426,
      "u_3": 4.883599758148193,
      "u_4": 6.135758876800537,
      "u_5": 7.117018222808838,
      "u_6": 8.262693405151367,
      "u_7": 8.084909439086914,
      "u_8": 7.9572553634643555,
      "v_0": 1.549973487854004,
      "v_1": 1.9011470079421997,
      "v_2": 2.5932183265686035,
      "v_3": 3.161109685897827,
      "v_4": 3.346799850463867,
      "v_5": 3.325977087020874,
      "v_6": 3.197603702545166,
      "v_7": 2.79610013961792,
      "v_8": 2.172795534133911
    },
    "per_variable": {
      "surface_temperature": 8.718557357788086,
      "temperature": 6.767530017428928,
      "specific_humidity_dex": 0.3971743020746443,
      "cloud_fraction": 0.06176453207929929,
      "u": 5.620527823766072,
      "v": 2.6716360913382635,
      "asr": 23.974451065063477,
      "olr": 14.92866325378418
    }
  },
  "spread_skill_ratio": {
    "per_field": {
      "surface_temperature": 0.5410448312759399,
      "temperature_0": 0.5827078819274902,
      "temperature_1": 0.584280788898468,
      "temperature_2": 0.5973201990127563,
      "temperature_3": 0.6056353449821472,
      "temperature_4": 0.682075023651123,
      "temperature_5": 0.6849955916404724,
      "temperature_6": 0.7766478061676025,
      "temperature_7": 0.6698835492134094,
      "temperature_8": 0.5578421950340271,
      "specific_humidity_0": 0.7773436903953552,
      "specific_humidity_1": 0.7439378499984741,
      "specific_humidity_2": 0.7202726602554321,
      "specific_humidity_3": 0.6921188235282898,
      "specific_humidity_4": 0.6665834784507751,
      "specific_humidity_5": 0.6087045073509216,
      "specific_humidity_6": 0.5898463129997253,