method,surface_temperature,temperature_0,temperature_1,temperature_2,temperature_3,temperature_4,temperature_5,temperature_6,temperature_7,temperature_8,specific_humidity_0,specific_humidity_1,specific_humidity_2,specific_humidity_3,specific_humidity_4,specific_humidity_5,specific_humidity_6,specific_humidity_7,specific_humidity_8,asr,olr,cloud_fraction_0,cloud_fraction_1,cloud_fraction_2,cloud_fraction_3,cloud_fraction_4,cloud_fraction_5,cloud_fraction_6,cloud_fraction_7,cloud_fraction_8,u_0,u_1,u_2,u_3,u_4,u_5,u_6,u_7,u_8,v_0,v_1,v_2,v_3,v_4,v_5,v_6,v_7,v_8
gplfr,0.6736965179443359,0.6910601854324341,0.7037951350212097,0.7411107420921326,0.872551441192627,0.8760835528373718,0.6974431276321411,0.6463097333908081,0.8193497657775879,1.240110993385315,0.5554201602935791,0.5205321311950684,0.505521833896637,0.5140777826309204,0.5394765734672546,0.5749069452285767,0.6231335997581482,0.6509929299354553,1.206672191619873,0.5053035020828247,0.48230165243148804,0.20419515669345856,0.2177121788263321,0.2639347016811371,0.3289702832698822,0.40358588099479675,0.32050102949142456,1.6038585901260376,3.2986466884613037,20.793235778808594,0.6021377444267273,0.6241603493690491,0.6615214943885803,0.6428198218345642,0.612887978553772,0.5922263860702515,0.6013235449790955,0.6772769689559937,1.391268253326416,0.6105448007583618,0.6316637396812439,0.626291036605835,0.5993115901947021,0.5665191411972046,0.5665615797042847,0.6002593636512756,0.6707114577293396,1.1270228624343872
ppca_icm,0.7718392610549927,0.8831502795219421,0.9502944946289062,0.9835160374641418,1.1775527000427246,1.1556332111358643,0.7975625395774841,0.6585045456886292,0.8883131146430969,2.0254311561584473,0.6552528142929077,0.5952122211456299,0.5520006418228149,0.5604658722877502,0.5720544457435608,0.5933382511138916,0.6197040677070618,0.6706719994544983,1.233546257019043,0.7628496289253235,0.6213895678520203,0.2568880319595337,0.26831531524658203,0.3423742353916168,0.3787012994289398,0.44757750630378723,0.3788258135318756,6.90164852142334,5.531979560852051,21.37721061706543,0.6883623600006104,0.7117880582809448,0.7945981025695801,0.8290414214134216,0.8131241202354431,0.7526978850364685,0.6956698298454285,0.6992824077606201,1.2914724349975586,0.675838828086853,0.7051514983177185,0.7335124015808105,0.7096034288406372,0.6662746667861938,0.6881967782974243,0.7176214456558228,0.7438112497329712,1.0986427068710327
