{
  "subset": "multi-partial",
  "protocol": "shared_planets",
  "n_test": 60,
  "n_samples": 1,
  "rmse": {
    "per_field": {
      "surface_temperature": 13.559215545654297,
      "temperature_0": 10.600811958312988,
      "temperature_1": 10.347291946411133,
      "temperature_2": 10.569478988647461,
      "temperature_3": 11.000024795532227,
      "temperature_4": 11.27457332611084,
      "temperature_5": 11.501601219177246,
      "temperature_6": 11.760854721069336,
      "temperature_7": 12.233522415161133,
      "temperature_8": 13.870672225952148,
      "temperature_9": 14.971230506896973,
      "specific_humidity_0_dex": 0.4055596590042114,
      "specific_humidity_1_dex": 0.4241377115249634,
      "specific_humidity_2_dex": 0.45864352583885193,
      "specific_humidity_3_dex": 0.5139221549034119,
      "specific_humidity_4_dex": 0.5829059481620789,
      "specific_humidity_5_dex": 0.66437166929245,
      "specific_humidity_6_dex": 0.7221130728721619,
      "specific_humidity_7_dex": 0.7641340494155884,
      "specific_humidity_8_dex": 0.8678589463233948,
      "specific_humidity_9_dex": 0.8655298352241516,
      "asr": 45.457366943359375,
      "olr": 23.677631378173828,
      "cloud_fraction_0": 0.10973095148801804,
      "cloud_fraction_1": 0.09373058378696442,
      "cloud_fraction_2": 0.0714695081114769,
      "cloud_fraction_3": 0.05286645516753197,
      "cloud_fraction_4": 0.051791299134492874,
      "cloud_fraction_5": 0.05997113138437271,
      "cloud_fraction_6": 0.05069587752223015,
      "cloud_fraction_7": 0.03698742762207985,
      "cloud_fraction_8": 0.027410997077822685,
      "cloud_fraction_9": 0.002572320168837905,
      "u_0": 4.045180797576904,
      "u_1": 5.000703811645508,
      "u_2": 6.887980937957764,
      "u_3": 8.809065818786621,
      "u_4": 10.714960098266602,
      "u_5": 12.23588752746582,
      "u_6": 14.09588623046875,
      "u_7": 15.460067749023438,
      "u_8": 17.313228607177734,
      "u_9": 22.76175308227539,
      "v_0": 2.9624550342559814,
      "v_1": 3.566262722015381,
      "v_2": 4.664495468139648,
      "v_3": 5.656712055206299,
      "v_4": 6.294050216674805,
      "v_5": 6.505453109741211,
      "v_6": 6.672036170959473,
      "v_7": 6.187064170837402,
      "v_8": 5.6637678146362305,
      "v_9": 5.204403400421143
    },
    "per_variable": {
      "surface_temperature": 13.559215545654297,
      "temperature": 11.81300621032715,
      "specific_humidity_dex": 0.6269176572561264,
      "cloud_fraction": 0.05572265514638275,
      "u": 11.732471466064453,
      "v": 5.337670016288757,
      "asr": 45.457366943359375,
      "olr": 23.677631378173828
    }
  },
  "acc": {
    "per_field": {
      "surface_temperature": 0.9634712338447571,
      "temperature_0": 0.9291573166847229,
      "temperature_1": 0.9160548448562622,
      "temperature_2": 0.8858384490013123,
      "temperature_3": 0.820087730884552,
      "temperature_4": 0.5235205292701721,
      "temperature_5": 0.14272694289684296,
      "temperature_6": 0.2222464233636856,
      "temperature_7": 0.2729905843734741,
      "temperature_8": 0.3126847445964813,
      "temperature_9": 0.06779960542917252,
      "specific_humidity_0_dex": 0.9275016784667969,
      "specific_humidity_1_dex": 0.9111082553863525,
      "specific_humidity_2_dex": 0.8679349422454834,
      "specific_humidity_3_dex": 0.8386706709861755,
      "specific_humidity_4_dex": 0.8416387438774109,
      "specific_humidity_5_dex": 0.8625234961509705,
      "specific_humidity_6_dex": 0.845978856086731,
      "specific_humidity_7_dex": 0.8009063005447388,
      "specific_humidity_8_dex": 0.5083162188529968,
      "specific_humidity_9_dex": 0.093131884932518,
      "asr": 0.9939109683036804,
      "olr": 0.8603727221488953,
      "cloud_fraction_0": 0.5598393678665161,
      "cloud_fraction_1": 0.6532291769981384,
      "cloud_fraction_2": 0.7055544257164001,
      "cloud_fraction_3": 0.7522070407867432,
      "cloud_fraction_4": 0.786600649356842,
      "cloud_fraction_5": 0.8304915428161621,
      "cloud_fraction_6": 0.8159465193748474,
      "cloud_fraction_7": 0.7115511298179626,
      "cloud_fraction_8": 0.4648774266242981,
      "cloud_fraction_9": 0.0945236012339592,
      "u_0": 0.7965443134307861,
      "u_1": 0.7539898157119751,
      "u_2": 0.7229500412940979,
      "u_3": 0.7418100237846375,
      "u_4": 0.7351532578468323,
      "u_5": 0.7389726042747498,
      "u_6": 0.7241716384887695,
      "u_7": 0.599838137626648,
      "u_8": 0.4478776752948761,
      "u_9": 0.3491651713848114,
      "v_0": 0.7144533395767212,
      "v_1": 0.6849799752235413,
      "v_2": 0.6771014928817749,
      "v_3": 0.7033452391624451,
      "v_4": 0.741667628288269,
      "v_5": 0.7837013602256775,
      "v_6": 0.7466042637825012,
      "v_7": 0.6431187987327576,
      "v_8": 0.5065729022026062,
      "v_9": 0.3821771740913391
    },
    "per_variable": {
      "surface_temperature": 0.9634712338447571,
      "temperature": 0.5093107171356678,
      "specific_humidity_dex": 0.7497711047530174,
      "cloud_fraction": 0.6374820880591869,
      "u": 0.6610472679138184,
      "v": 0.6583722174167633,
      "asr": 0.9939109683036804,
      "olr": 0.8603727221488953
    }
  },
  "relative_rmse": {
    "per_field": {
      "surface_temperature": 0.8678079843521118,
      "temperature_0": 0.8613223433494568,
      "temperature_1": 0.8681133985519409,
      "temperature_2": 0.941912055015564,
      "temperature_3": 1.0998992919921875,
      "temperature_4": 1.1825125217437744,
      "temperature_5": 1.1479073762893677,
      "temperature_6": 1.2373520135879517,
      "temperature_7": 1.3267383575439453,
      "temperature_8": 2.2287373542785645,
      "temperature_9": 1.8324192762374878,
      "specific_humidity_0_dex": 0.8456567525863647,
      "specific_humidity_1_dex": 0.847729504108429,
      "specific_humidity_2_dex": 0.8347484469413757,
      "specific_humidity_3_dex": 0.8457952737808228,
      "specific_humidity_4_dex": 0.8513327240943909,
      "specific_humidity_5_dex": 0.8103164434432983,
      "specific_humidity_6_dex": 0.787730872631073,
      "specific_humidity_7_dex": 0.886508584022522,
      "specific_humidity_8_dex": 1.4042712450027466,
      "specific_humidity_9_dex": 1.6164437532424927,
      "asr": 0.9772427678108215,
      "olr": 0.7366834878921509,
      "cloud_fraction_0": 0.31448230147361755,
      "cloud_fraction_1": 0.3163551390171051,
      "cloud_fraction_2": 0.35424572229385376,
      "cloud_fraction_3": 0.38461458683013916,
      "cloud_fraction_4": 0.5430539846420288,
      "cloud_fraction_5": 0.5884390473365784,
      "cloud_fraction_6": 1.9134070873260498,
      "cloud_fraction_7": 4.18906831741333,
      "cloud_fraction_8": 18.905921936035156,
      "cloud_fraction_9": 11.63999080657959,
      "u_0": 0.9275239706039429,
      "u_1": 0.95500248670578,
      "u_2": 1.0084813833236694,
      "u_3": 0.9344302415847778,
      "u_4": 0.8991169333457947,
      "u_5": 0.8693581223487854,
      "u_6": 0.9006623029708862,
      "u_7": 1.036885380744934,
      "u_8": 1.8797813653945923,
      "u_9": 1.4140979051589966,
      "v_0": 0.9790241122245789,
      "v_1": 0.9858347773551941,
      "v_2": 0.9586363434791565,
      "v_3": 0.9124680161476135,
      "v_4": 0.8386937975883484,
      "v_5": 0.8512583374977112,
      "v_6": 0.9306678175926208,
      "v_7": 0.9736259579658508,
      "v_8": 1.5704807043075562,
      "v_9": 3.30969500541687
    },
    "per_variable": {
      "surface_temperature": 0.8678079843521118,
      "temperature": 0.911858856678009,
      "specific_humidity_dex": 0.8018422722816467,
      "cloud_fraction": 0.3486017882823944,
      "u": 0.8948959708213806,
      "v": 0.8459789156913757,
      "asr": 0.9772427678108215,
      "olr": 0.7366834878921509
    }
  },
  "relative_acc": {
    "per_field": {
      "surface_temperature": 1.041921854019165,
      "temperature_0": 1.1701065301895142,
      "temperature_1": 1.225175380706787,