{
  "subset": "multi-partial",
  "protocol": "standard",
  "n_test": 100,
  "n_samples": 1,
  "rmse": {
    "per_field": {
      "surface_temperature": 13.010778427124023,
      "temperature_0": 10.501518249511719,
      "temperature_1": 10.1477632522583,
      "temperature_2": 9.96661376953125,
      "temperature_3": 9.992374420166016,
      "temperature_4": 10.173738479614258,
      "temperature_5": 10.570544242858887,
      "temperature_6": 11.043169975280762,
      "temperature_7": 12.021905899047852,
      "temperature_8": 14.625927925109863,
      "temperature_9": 14.704585075378418,
      "specific_humidity_0_dex": 0.40494999289512634,
      "specific_humidity_1_dex": 0.41441336274147034,
      "specific_humidity_2_dex": 0.433747798204422,
      "specific_humidity_3_dex": 0.4697986841201782,
      "specific_humidity_4_dex": 0.5190651416778564,
      "specific_humidity_5_dex": 0.5869770050048828,
      "specific_humidity_6_dex": 0.6422328352928162,
      "specific_humidity_7_dex": 0.6951845288276672,
      "specific_humidity_8_dex": 0.7936437129974365,
      "specific_humidity_9_dex": 0.8224028944969177,
      "asr": 39.69429016113281,
      "olr": 20.71087646484375,
      "cloud_fraction_0": 0.11112756282091141,
      "cloud_fraction_1": 0.09441167861223221,
      "cloud_fraction_2": 0.07495145499706268,
      "cloud_fraction_3": 0.05946255102753639,
      "cloud_fraction_4": 0.05464816465973854,
      "cloud_fraction_5": 0.060614414513111115,
      "cloud_fraction_6": 0.05088526010513306,
      "cloud_fraction_7": 0.03748060017824173,
      "cloud_fraction_8": 0.02439160831272602,
      "cloud_fraction_9": 0.005471516866236925,
      "u_0": 3.8075952529907227,
      "u_1": 4.671566486358643,
      "u_2": 6.5491228103637695,
      "u_3": 8.472182273864746,
      "u_4": 10.274019241333008,
      "u_5": 11.675924301147461,
      "u_6": 13.35568904876709,
      "u_7": 14.781495094299316,
      "u_8": 16.86983871459961,
      "u_9": 25.44447135925293,
      "v_0": 2.734807252883911,
      "v_1": 3.3170340061187744,
      "v_2": 4.4361162185668945,
      "v_3": 5.38321590423584,
      "v_4": 5.907228469848633,
      "v_5": 6.2485456466674805,
      "v_6": 6.397612571716309,
      "v_7": 6.080552577972412,
      "v_8": 5.619986534118652,
      "v_9": 5.522881507873535
    },
    "per_variable": {
      "surface_temperature": 13.010778427124023,
      "temperature": 11.374814128875732,
      "specific_humidity_dex": 0.5782415956258774,
      "cloud_fraction": 0.05734448120929301,
      "u": 11.59019045829773,
      "v": 5.164798069000244,
      "asr": 39.69429016113281,
      "olr": 20.71087646484375
    }
  },
  "acc": {
    "per_field": {
      "surface_temperature": 0.941993236541748,
      "temperature_0": 0.9138807654380798,
      "temperature_1": 0.8987224102020264,
      "temperature_2": 0.8630737066268921,
      "temperature_3": 0.7882726192474365,
      "temperature_4": 0.5484504699707031,
      "temperature_5": 0.2830790579319,
      "temperature_6": 0.3065275251865387,
      "temperature_7": 0.25697943568229675,
      "temperature_8": 0.2924482524394989,
      "temperature_9": 0.16406071186065674,
      "specific_humidity_0_dex": 0.870686411857605,
      "specific_humidity_1_dex": 0.855571448802948,
      "specific_humidity_2_dex": 0.820799708366394,
      "specific_humidity_3_dex": 0.801095187664032,
      "specific_humidity_4_dex": 0.7990569472312927,
      "specific_humidity_5_dex": 0.8088008165359497,
      "specific_humidity_6_dex": 0.8017000555992126,
      "specific_humidity_7_dex": 0.7749021649360657,
      "specific_humidity_8_dex": 0.515434980392456,
      "specific_humidity_9_dex": 0.17260855436325073,
      "asr": 0.9940666556358337,
      "olr": 0.8441734910011292,
      "cloud_fraction_0": 0.5640226006507874,
      "cloud_fraction_1": 0.6376214623451233,
      "cloud_fraction_2": 0.6716970205307007,
      "cloud_fraction_3": 0.7097110152244568,
      "cloud_fraction_4": 0.7327726483345032,
      "cloud_fraction_5": 0.7750043869018555,
      "cloud_fraction_6": 0.7417792677879333,
      "cloud_fraction_7": 0.6531225442886353,
      "cloud_fraction_8": 0.46388500928878784,
      "cloud_fraction_9": 0.1615930050611496,
      "u_0": 0.7879732251167297,
      "u_1": 0.7388905882835388,
      "u_2": 0.6890320777893066,
      "u_3": 0.7037144899368286,
      "u_4": 0.7132096290588379,
      "u_5": 0.7246080636978149,
      "u_6": 0.7093595266342163,
      "u_7": 0.6127446889877319,
      "u_8": 0.43850621581077576,
      "u_9": 0.4303899109363556,
      "v_0": 0.7038514614105225,
      "v_1": 0.6631945371627808,
      "v_2": 0.6188712120056152,
      "v_3": 0.6360352039337158,
      "v_4": 0.7062658667564392,
      "v_5": 0.7228716015815735,
      "v_6": 0.6896085739135742,
      "v_7": 0.6030874252319336,
      "v_8": 0.5099749565124512,
      "v_9": 0.4703187048435211
    },
    "per_variable": {
      "surface_temperature": 0.941993236541748,
      "temperature": 0.5315494954586029,
      "specific_humidity_dex": 0.7220656275749207,
      "cloud_fraction": 0.6111208960413933,
      "u": 0.6548428416252137,
      "v": 0.6324079543352127,
      "asr": 0.9940666556358337,
      "olr": 0.8441734910011292
    }
  }
}
