{
  "subset": "multi-partial",
  "protocol": "shared_planets",
  "n_test": 60,
  "n_samples": 1,
  "rmse": {
    "per_field": {
      "surface_temperature": 13.888522148132324,
      "temperature_0": 9.97498607635498,
      "temperature_1": 9.83341121673584,
      "temperature_2": 9.655365943908691,
      "temperature_3": 9.600263595581055,
      "temperature_4": 9.590582847595215,
      "temperature_5": 9.517500877380371,
      "temperature_6": 9.57253646850586,
      "temperature_7": 9.940973281860352,
      "temperature_8": 8.78244400024414,
      "temperature_9": 17.2772216796875,
      "specific_humidity_0_dex": 0.38393598794937134,
      "specific_humidity_1_dex": 0.40095898509025574,
      "specific_humidity_2_dex": 0.4468895494937897,
      "specific_humidity_3_dex": 0.5034392476081848,
      "specific_humidity_4_dex": 0.5570504665374756,
      "specific_humidity_5_dex": 0.6358617544174194,
      "specific_humidity_6_dex": 0.6937461495399475,
      "specific_humidity_7_dex": 0.6771969199180603,
      "specific_humidity_8_dex": 0.6928948760032654,
      "specific_humidity_9_dex": 0.8454278707504272,
      "asr": 44.71782684326172,
      "olr": 23.144634246826172,
      "cloud_fraction_0": 0.11607503145933151,
      "cloud_fraction_1": 0.09981061518192291,
      "cloud_fraction_2": 0.08440045267343521,
      "cloud_fraction_3": 0.0664437785744667,
      "cloud_fraction_4": 0.06415089964866638,
      "cloud_fraction_5": 0.07119018584489822,
      "cloud_fraction_6": 0.065703384578228,
      "cloud_fraction_7": 0.05049765855073929,
      "cloud_fraction_8": 0.026337726041674614,
      "cloud_fraction_9": 0.008105620741844177,
      "u_0": 4.056834697723389,
      "u_1": 4.817060470581055,
      "u_2": 6.682989597320557,
      "u_3": 8.76352310180664,
      "u_4": 10.857177734375,
      "u_5": 12.82529067993164,
      "u_6": 15.13979721069336,
      "u_7": 16.194690704345703,
      "u_8": 16.263437271118164,
      "u_9": 26.339515686035156,
      "v_0": 2.8151588439941406,
      "v_1": 3.3673388957977295,
      "v_2": 4.5736403465271,
      "v_3": 5.692349433898926,
      "v_4": 6.42275333404541,
      "v_5": 6.767889499664307,
      "v_6": 7.075892448425293,
      "v_7": 6.792923927307129,
      "v_8": 6.065859794616699,
      "v_9": 6.70811653137207
    },
    "per_variable": {
      "surface_temperature": 13.888522148132324,
      "temperature": 10.3745285987854,
      "specific_humidity_dex": 0.5837401807308197,
      "cloud_fraction": 0.06527153532952071,
      "u": 12.194031715393066,
      "v": 5.62819230556488,
      "asr": 44.71782684326172,
      "olr": 23.144634246826172
    }
  },
  "acc": {
    "per_field": {
      "surface_temperature": 0.9576823711395264,
      "temperature_0": 0.9339130520820618,
      "temperature_1": 0.9195848107337952,
      "temperature_2": 0.8707801103591919,
      "temperature_3": 0.7851344347000122,
      "temperature_4": 0.5553690791130066,
      "temperature_5": 0.27749383449554443,
      "temperature_6": 0.45031675696372986,
      "temperature_7": 0.5838780999183655,
      "temperature_8": 0.3633318245410919,
      "temperature_9": 0.258923202753067,
      "specific_humidity_0_dex": 0.9135698080062866,
      "specific_humidity_1_dex": 0.8935814499855042,
      "specific_humidity_2_dex": 0.8479096293449402,
      "specific_humidity_3_dex": 0.8215426206588745,
      "specific_humidity_4_dex": 0.8298689723014832,
      "specific_humidity_5_dex": 0.87031090259552,
      "specific_humidity_6_dex": 0.8639014959335327,
      "specific_humidity_7_dex": 0.830715537071228,
      "specific_humidity_8_dex": 0.49910208582878113,
      "specific_humidity_9_dex": 0.17620940506458282,
      "asr": 0.9944218993186951,
      "olr": 0.8538146018981934,
      "cloud_fraction_0": 0.540212869644165,
      "cloud_fraction_1": 0.609157145023346,
      "cloud_fraction_2": 0.6547271609306335,
      "cloud_fraction_3": 0.7417070865631104,
      "cloud_fraction_4": 0.7514159083366394,
      "cloud_fraction_5": 0.7621241807937622,
      "cloud_fraction_6": 0.7680783867835999,
      "cloud_fraction_7": 0.7409171462059021,
      "cloud_fraction_8": 0.49023905396461487,
      "cloud_fraction_9": 0.09562869369983673,
      "u_0": 0.7841836214065552,
      "u_1": 0.7428237795829773,
      "u_2": 0.7045465111732483,
      "u_3": 0.7021205425262451,
      "u_4": 0.6984456777572632,
      "u_5": 0.7023765444755554,
      "u_6": 0.7055305242538452,
      "u_7": 0.6299039721488953,
      "u_8": 0.4879968464374542,
      "u_9": 0.26455214619636536,
      "v_0": 0.7493686676025391,
      "v_1": 0.716303288936615,
      "v_2": 0.6898767352104187,
      "v_3": 0.6906785368919373,
      "v_4": 0.7084442377090454,
      "v_5": 0.7595279812812805,
      "v_6": 0.7468985915184021,
      "v_7": 0.6635295152664185,
      "v_8": 0.534441351890564,
      "v_9": 0.21380405128002167
    },
    "per_variable": {
      "surface_temperature": 0.9576823711395264,
      "temperature": 0.5998725205659866,
      "specific_humidity_dex": 0.7546711906790733,
      "cloud_fraction": 0.615420763194561,
      "u": 0.6422480165958404,
      "v": 0.6472872957587242,
      "asr": 0.9944218993186951,
      "olr": 0.8538146018981934
    }
  },
  "relative_rmse": {
    "per_field": {
      "surface_temperature": 0.9151105880737305,
      "temperature_0": 0.8669455051422119,
      "temperature_1": 0.9053037166595459,
      "temperature_2": 0.9402388334274292,
      "temperature_3": 1.048836350440979,
      "temperature_4": 1.1146855354309082,
      "temperature_5": 0.9399269819259644,
      "temperature_6": 0.8385134339332581,
      "temperature_7": 1.0478333234786987,
      "temperature_8": 1.3115239143371582,
      "temperature_9": 3.1261556148529053,
      "specific_humidity_0_dex": 0.781840443611145,
      "specific_humidity_1_dex": 0.7812151312828064,
      "specific_humidity_2_dex": 0.7983681559562683,
      "specific_humidity_3_dex": 0.80525803565979,
      "specific_humidity_4_dex": 0.8048557043075562,
      "specific_humidity_5_dex": 0.7906507849693298,
      "specific_humidity_6_dex": 0.810701310634613,
      "specific_humidity_7_dex": 0.7617250084877014,
      "specific_humidity_8_dex": 1.185086965560913,
      "specific_humidity_9_dex": 1.6391873359680176,
      "asr": 0.9008313417434692,
      "olr": 0.7205079793930054,
      "cloud_fraction_0": 0.3457174003124237,
      "cloud_fraction_1": 0.3585507273674011,
      "cloud_fraction_2": 0.46009305119514465,
      "cloud_fraction_3": 0.6405612826347351,
      "cloud_fraction_4": 0.8269234299659729,
      "cloud_fraction_5": 0.5884437561035156,
      "cloud_fraction_6": 2.5108087062835693,
      "cloud_fraction_7": 5.722149848937988,
      "cloud_fraction_8": 13.662142753601074,
      "cloud_fraction_9": 39.704498291015625,
      "u_0": 0.9280267953872681,
      "u_1": 0.9167846441268921,
      "u_2": 0.9509682059288025,
      "u_3": 0.959863543510437,
      "u_4": 0.9387644529342651,
      "u_5": 0.9277740120887756,
      "u_6": 0.9383842945098877,
      "u_7": 1.0263258218765259,
      "u_8": 1.7355746030807495,
      "u_9": 1.4548135995864868,
      "v_0": 0.9811155796051025,
      "v_1": 0.9861395359039307,
      "v_2": 0.913547158241272,
      "v_3": 0.902604341506958,
      "v_4": 0.882150411605835,
      "v_5": 0.9349501132965088,
      "v_6": 0.9791439771652222,
      "v_7": 1.099023461341858,
      "v_8": 1.7936538457870483,
      "v_9": 8.066588401794434
    },
    "per_variable": {
      "surface_temperature": 0.91511070728302,
      "temperature": 0.8045264482498169,
      "specific_humidity_dex": 0.7516342401504517,
      "cloud_fraction": 0.414682000875473,
      "u": 0.920100748538971,
      "v": 0.9311780333518982,
      "asr": 0.9008312821388245,
      "olr": 0.7205079197883606
    }
  },
  "relative_acc": {
    "per_field": {
      "surface_temperature": 1.0341389179229736,
      "temperature_0": 1.1748919486999512,
      "temperature_1": 1.2277309894561768,