{
  "subset": "multi-partial",
  "protocol": "standard",
  "n_test": 100,
  "n_samples": 1,
  "rmse": {
    "per_field": {
      "surface_temperature": 12.731175422668457,
      "temperature_0": 9.675521850585938,
      "temperature_1": 9.505108833312988,
      "temperature_2": 9.205543518066406,
      "temperature_3": 8.869279861450195,
      "temperature_4": 8.694286346435547,
      "temperature_5": 9.127676010131836,
      "temperature_6": 9.663830757141113,
      "temperature_7": 10.213122367858887,
      "temperature_8": 10.516684532165527,
      "temperature_9": 20.179569244384766,
      "specific_humidity_0_dex": 0.3958066999912262,
      "specific_humidity_1_dex": 0.40283122658729553,
      "specific_humidity_2_dex": 0.4291181266307831,
      "specific_humidity_3_dex": 0.46610668301582336,
      "specific_humidity_4_dex": 0.503730833530426,
      "specific_humidity_5_dex": 0.5609399676322937,
      "specific_humidity_6_dex": 0.6194973587989807,
      "specific_humidity_7_dex": 0.6377557516098022,
      "specific_humidity_8_dex": 0.6707984805107117,
      "specific_humidity_9_dex": 0.8396138548851013,
      "asr": 37.37434768676758,
      "olr": 20.871685028076172,
      "cloud_fraction_0": 0.11086057126522064,
      "cloud_fraction_1": 0.09636268019676208,
      "cloud_fraction_2": 0.08319445699453354,
      "cloud_fraction_3": 0.0678277537226677,
      "cloud_fraction_4": 0.06169658154249191,
      "cloud_fraction_5": 0.0649777352809906,
      "cloud_fraction_6": 0.05892275646328926,
      "cloud_fraction_7": 0.046348679810762405,
      "cloud_fraction_8": 0.02670685015618801,
      "cloud_fraction_9": 0.00956905446946621,
      "u_0": 3.711815357208252,
      "u_1": 4.392305374145508,
      "u_2": 6.075838565826416,
      "u_3": 8.082205772399902,
      "u_4": 9.978797912597656,
      "u_5": 11.696435928344727,
      "u_6": 13.533525466918945,
      "u_7": 15.228130340576172,
      "u_8": 17.023975372314453,
      "u_9": 27.385225296020508,
      "v_0": 2.6348812580108643,
      "v_1": 3.1671900749206543,
      "v_2": 4.280649185180664,
      "v_3": 5.283512592315674,
      "v_4": 5.886894702911377,
      "v_5": 6.232355117797852,
      "v_6": 6.431872367858887,
      "v_7": 6.246575832366943,
      "v_8": 5.925678730010986,
      "v_9": 6.869925022125244
    },
    "per_variable": {
      "surface_temperature": 12.731175422668457,
      "temperature": 10.565062332153321,
      "specific_humidity_dex": 0.5526198983192444,
      "cloud_fraction": 0.06264671199023723,
      "u": 11.710825538635254,
      "v": 5.295953488349914,
      "asr": 37.37434768676758,
      "olr": 20.871685028076172
    }
  },
  "acc": {
    "per_field": {
      "surface_temperature": 0.9453082084655762,
      "temperature_0": 0.9160913228988647,
      "temperature_1": 0.8994481563568115,
      "temperature_2": 0.841381311416626,
      "temperature_3": 0.7875420451164246,
      "temperature_4": 0.6056503653526306,
      "temperature_5": 0.4025467336177826,
      "temperature_6": 0.50960773229599,
      "temperature_7": 0.5187984704971313,
      "temperature_8": 0.3871225416660309,
      "temperature_9": 0.24928314983844757,
      "specific_humidity_0_dex": 0.8760886192321777,
      "specific_humidity_1_dex": 0.8622480034828186,
      "specific_humidity_2_dex": 0.8266933560371399,
      "specific_humidity_3_dex": 0.811512291431427,
      "specific_humidity_4_dex": 0.8178123235702515,
      "specific_humidity_5_dex": 0.8395524621009827,
      "specific_humidity_6_dex": 0.8356909155845642,
      "specific_humidity_7_dex": 0.8066281080245972,
      "specific_humidity_8_dex": 0.5163896083831787,
      "specific_humidity_9_dex": 0.24136625230312347,
      "asr": 0.99522864818573,
      "olr": 0.8358727097511292,
      "cloud_fraction_0": 0.5909278988838196,
      "cloud_fraction_1": 0.6196514368057251,
      "cloud_fraction_2": 0.6511762738227844,
      "cloud_fraction_3": 0.7373753786087036,
      "cloud_fraction_4": 0.7280964255332947,
      "cloud_fraction_5": 0.725904643535614,
      "cloud_fraction_6": 0.7082819938659668,
      "cloud_fraction_7": 0.6693742871284485,
      "cloud_fraction_8": 0.49570947885513306,
      "cloud_fraction_9": 0.14411160349845886,
      "u_0": 0.7989428043365479,
      "u_1": 0.7557461857795715,
      "u_2": 0.7053958773612976,
      "u_3": 0.6999855637550354,
      "u_4": 0.718014121055603,
      "u_5": 0.7170571684837341,
      "u_6": 0.7042676210403442,
      "u_7": 0.6252292394638062,
      "u_8": 0.4982166886329651,
      "u_9": 0.342745840549469,
      "v_0": 0.7430080771446228,
      "v_1": 0.7020660638809204,
      "v_2": 0.6619107723236084,
      "v_3": 0.6585230231285095,
      "v_4": 0.7030349373817444,
      "v_5": 0.7294518351554871,
      "v_6": 0.7025045156478882,
      "v_7": 0.6437756419181824,
      "v_8": 0.5010693073272705,
      "v_9": 0.36146068572998047
    },
    "per_variable": {
      "surface_temperature": 0.9453082084655762,
      "temperature": 0.611747182905674,
      "specific_humidity_dex": 0.743398194015026,
      "cloud_fraction": 0.6070609420537949,
      "u": 0.6565601110458374,
      "v": 0.6406804859638214,
      "asr": 0.99522864818573,
      "olr": 0.8358727097511292
    }
  }
}
