method,surface_temperature,temperature,specific_humidity_dex,cloud_fraction,u,v,asr,olr
gplfr,9.040623664855957,7.227184772491455,0.4119234085083008,0.03717336999252439,7.725242733955383,3.432388699054718,24.38536262512207,16.1254825592041
ppca_icm,9.269575119018555,7.696633243560791,0.4444222033023834,0.050982666015625,9.223608207702636,4.309798645973205,49.65194320678711,19.006553649902344
