{
  "subset": "multi-partial",
  "protocol": "shared_planets",
  "n_test": 60,
  "n_samples": 64,
  "rmse": {
    "per_field": {
      "surface_temperature": 11.617372512817383,
      "temperature_0": 8.904833793640137,
      "temperature_1": 8.835460662841797,
      "temperature_2": 8.648512840270996,
      "temperature_3": 8.582515716552734,
      "temperature_4": 8.794618606567383,
      "temperature_5": 8.994478225708008,
      "temperature_6": 8.93449878692627,
      "temperature_7": 8.990072250366211,
      "temperature_8": 10.553324699401855,
      "temperature_9": 11.329526901245117,
      "specific_humidity_0_dex": 0.31781598925590515,
      "specific_humidity_1_dex": 0.3258020281791687,
      "specific_humidity_2_dex": 0.35982856154441833,
      "specific_humidity_3_dex": 0.41474682092666626,
      "specific_humidity_4_dex": 0.47203585505485535,
      "specific_humidity_5_dex": 0.5651760101318359,
      "specific_humidity_6_dex": 0.6147555708885193,
      "specific_humidity_7_dex": 0.6362668871879578,
      "specific_humidity_8_dex": 0.7124026417732239,
      "specific_humidity_9_dex": 0.7652496099472046,
      "asr": 30.99085235595703,
      "olr": 20.807254791259766,
      "cloud_fraction_0": 0.09180355817079544,
      "cloud_fraction_1": 0.08079741150140762,
      "cloud_fraction_2": 0.06629068404436111,
      "cloud_fraction_3": 0.04947376623749733,
      "cloud_fraction_4": 0.043605122715234756,
      "cloud_fraction_5": 0.04579159989953041,
      "cloud_fraction_6": 0.04266204312443733,
      "cloud_fraction_7": 0.03351053223013878,
      "cloud_fraction_8": 0.02168171852827072,
      "cloud_fraction_9": 0.0034140199422836304,
      "u_0": 3.376150608062744,
      "u_1": 4.090867042541504,
      "u_2": 5.737247943878174,
      "u_3": 7.68184232711792,
      "u_4": 9.596270561218262,
      "u_5": 11.114813804626465,
      "u_6": 12.766132354736328,
      "u_7": 13.097895622253418,
      "u_8": 13.001608848571777,
      "u_9": 20.662195205688477,
      "v_0": 2.373002290725708,
      "v_1": 2.866154670715332,
      "v_2": 3.8941750526428223,
      "v_3": 4.819147109985352,
      "v_4": 5.442474365234375,
      "v_5": 5.606237411499023,
      "v_6": 5.8902812004089355,
      "v_7": 5.6752495765686035,
      "v_8": 4.959842205047607,
      "v_9": 3.565852642059326
    },
    "per_variable": {
      "surface_temperature": 11.617372512817383,
      "temperature": 9.256784248352051,
      "specific_humidity_dex": 0.5184079974889755,
      "cloud_fraction": 0.047903045639395715,
      "u": 10.112502431869506,
      "v": 4.509241652488709,
      "asr": 30.99085235595703,
      "olr": 20.807254791259766
    }
  },
  "acc": {
    "per_field": {
      "surface_temperature": 0.9720814824104309,
      "temperature_0": 0.9405348300933838,
      "temperature_1": 0.9280751347541809,
      "temperature_2": 0.9031034708023071,
      "temperature_3": 0.8598469495773315,
      "temperature_4": 0.6721126437187195,
      "temperature_5": 0.3582931458950043,
      "temperature_6": 0.5576756000518799,
      "temperature_7": 0.717531144618988,
      "temperature_8": 0.4665072560310364,
      "temperature_9": 0.2898055911064148,
      "specific_humidity_0_dex": 0.9291579127311707,
      "specific_humidity_1_dex": 0.9172486066818237,
      "specific_humidity_2_dex": 0.8864010572433472,
      "specific_humidity_3_dex": 0.8682514429092407,
      "specific_humidity_4_dex": 0.8653325438499451,
      "specific_humidity_5_dex": 0.8889345526695251,
      "specific_humidity_6_dex": 0.8771734833717346,
      "specific_humidity_7_dex": 0.8524747490882874,
      "specific_humidity_8_dex": 0.4738975465297699,
      "specific_humidity_9_dex": 0.20856429636478424,
      "asr": 0.9951700568199158,
      "olr": 0.8761569261550903,
      "cloud_fraction_0": 0.5853925347328186,
      "cloud_fraction_1": 0.6026647686958313,
      "cloud_fraction_2": 0.682195246219635,
      "cloud_fraction_3": 0.7854780554771423,
      "cloud_fraction_4": 0.8116757273674011,
      "cloud_fraction_5": 0.8179100751876831,
      "cloud_fraction_6": 0.7894121408462524,
      "cloud_fraction_7": 0.7326294779777527,
      "cloud_fraction_8": 0.5040714144706726,
      "cloud_fraction_9": 0.11586788296699524,
      "u_0": 0.8498339056968689,
      "u_1": 0.8123547434806824,
      "u_2": 0.7892799377441406,
      "u_3": 0.7949285507202148,
      "u_4": 0.7854477763175964,
      "u_5": 0.776814341545105,
      "u_6": 0.7687514424324036,
      "u_7": 0.6895045042037964,
      "u_8": 0.5836881995201111,
      "u_9": 0.4732646644115448,
      "v_0": 0.7890759706497192,
      "v_1": 0.7550440430641174,
      "v_2": 0.7337149381637573,
      "v_3": 0.7543616890907288,
      "v_4": 0.7629643082618713,
      "v_5": 0.822597086429596,
      "v_6": 0.8030881881713867,
      "v_7": 0.7002894282341003,
      "v_8": 0.5379629135131836,
      "v_9": 0.4566896855831146
    },
    "per_variable": {
      "surface_temperature": 0.9720814824104309,
      "temperature": 0.6693485766649246,
      "specific_humidity_dex": 0.7767436191439628,
      "cloud_fraction": 0.6427297323942185,
      "u": 0.7323868066072464,
      "v": 0.7115788251161576,
      "asr": 0.9951700568199158,
      "olr": 0.8761569261550903
    }
  },
  "energy_score": {
    "per_field": {
      "surface_temperature": 9.040623664855957,
      "temperature_0": 7.0037407875061035,
      "temperature_1": 6.894815921783447,
      "temperature_2": 6.689874172210693,
      "temperature_3": 6.711362361907959,
      "temperature_4": 6.938538074493408,
      "temperature_5": 7.255928993225098,
      "temperature_6": 7.250730037689209,
      "temperature_7": 7.11145544052124,
      "temperature_8": 7.841671466827393,
      "temperature_9": 8.57373046875,
      "specific_humidity_0": 0.2535589933395386,
      "specific_humidity_1": 0.2583286464214325,
      "specific_humidity_2": 0.28310373425483704,
      "specific_humidity_3": 0.3287164866924286,
      "specific_humidity_4": 0.3787587881088257,
      "specific_humidity_5": 0.45610910654067993,
      "specific_humidity_6": 0.49474814534187317,
      "specific_humidity_7": 0.5064236521720886,
      "specific_humidity_8": 0.5599866509437561,
      "specific_humidity_9": 0.5994998812675476,
      "asr": 24.38536262512207,
      "olr": 16.1254825592041,
      "cloud_fraction_0": 0.06996621936559677,
      "cloud_fraction_1": 0.06189502030611038,
      "cloud_fraction_2": 0.049970537424087524,
      "cloud_fraction_3": 0.03768482804298401,
      "cloud_fraction_4": 0.0339374877512455,
      "cloud_fraction_5": 0.03601691499352455,
      "cloud_fraction_6": 0.03420121967792511,
      "cloud_fraction_7": 0.025933701545000076,
      "cloud_fraction_8": 0.01796773076057434,
      "cloud_fraction_9": 0.004160040058195591,
      "u_0": 2.4991064071655273,
      "u_1": 3.0716617107391357,
      "u_2": 4.363405704498291,
      "u_3": 5.929145812988281,
      "u_4": 7.4302978515625,
      "u_5": 8.69777774810791,
      "u_6": 10.055391311645508,
      "u_7": 10.240701675415039,
      "u_8": 9.785465240478516,
      "u_9": 15.179473876953125,
      "v_0": 1.7439438104629517,
      "v_1": 2.143512725830078,
      "v_2": 2.9536421298980713,
      "v_3": 3.6761183738708496,
      "v_4": 4.1370720863342285,
      "v_5": 4.21940279006958,
      "v_6": 4.426626682281494,
      "v_7": 4.251816749572754,
      "v_8": 3.74491548538208,
      "v_9": 3.0268361568450928
    },
    "per_variable": {
      "surface_temperature": 9.040623664855957,
      "temperature": 7.227184772491455,
      "specific_humidity_dex": 0.4119234085083008,
      "cloud_fraction": 0.03717336999252439,
      "u": 7.725242733955383,
      "v": 3.432388699054718,
      "asr": 24.38536262512207,
      "olr": 16.1254825592041
    }
  },
  "spread_skill_ratio": {
    "per_field": {
      "surface_temperature": 0.8709270358085632,
      "temperature_0": 0.8973297476768494,
      "temperature_1": 0.8748809695243835,
      "temperature_2": 0.89792799949646,