{
  "subset": "single-complete",
  "protocol": "standard",
  "n_test": 50,
  "n_samples": 1,
  "rmse": {
    "per_field": {
      "surface_temperature": 16.68504524230957,
      "temperature_0": 11.3749361038208,
      "temperature_1": 11.377384185791016,
      "temperature_2": 11.474150657653809,
      "temperature_3": 11.591360092163086,
      "temperature_4": 11.724651336669922,
      "temperature_5": 12.249858856201172,
      "temperature_6": 12.973445892333984,
      "temperature_7": 14.701844215393066,
      "temperature_8": 17.811565399169922,
      "specific_humidity_0_dex": 0.5385249257087708,
      "specific_humidity_1_dex": 0.5527318716049194,
      "specific_humidity_2_dex": 0.5920493602752686,
      "specific_humidity_3_dex": 0.6532151699066162,
      "specific_humidity_4_dex": 0.738304853439331,
      "specific_humidity_5_dex": 0.9116488695144653,
      "specific_humidity_6_dex": 1.062887191772461,
      "specific_humidity_7_dex": 1.0721850395202637,
      "specific_humidity_8_dex": 1.0570164918899536,
      "asr": 43.188358306884766,
      "olr": 24.77206802368164,
      "cloud_fraction_0": 0.18059660494327545,
      "cloud_fraction_1": 0.1617204248905182,
      "cloud_fraction_2": 0.12502767145633698,
      "cloud_fraction_3": 0.09946500509977341,
      "cloud_fraction_4": 0.09293266385793686,
      "cloud_fraction_5": 0.10190366953611374,
      "cloud_fraction_6": 0.0889788269996643,
      "cloud_fraction_7": 0.06082446873188019,
      "cloud_fraction_8": 0.04224446788430214,
      "u_0": 3.6038200855255127,
      "u_1": 4.433231830596924,
      "u_2": 6.3165812492370605,
      "u_3": 8.753057479858398,
      "u_4": 11.181097030639648,
      "u_5": 12.972535133361816,
      "u_6": 14.419295310974121,
      "u_7": 16.044340133666992,
      "u_8": 16.95351219177246,
      "v_0": 2.459123134613037,
      "v_1": 3.1179044246673584,
      "v_2": 4.437173843383789,
      "v_3": 5.7069993019104,
      "v_4": 6.139486789703369,
      "v_5": 6.079741954803467,
      "v_6": 5.821446418762207,
      "v_7": 4.632527828216553,
      "v_8": 3.2529590129852295
    },
    "per_variable": {
      "surface_temperature": 16.68504524230957,
      "temperature": 12.80879963768853,
      "specific_humidity_dex": 0.7976181970702277,
      "cloud_fraction": 0.10596597815553348,
      "u": 10.51971893840366,
      "v": 4.62748474544949,
      "asr": 43.188358306884766,
      "olr": 24.77206802368164
    }
  },
  "acc": {
    "per_field": {
      "surface_temperature": 0.927396833896637,
      "temperature_0": 0.8933830857276917,
      "temperature_1": 0.8565623760223389,
      "temperature_2": 0.8043686747550964,
      "temperature_3": 0.6350340843200684,
      "temperature_4": 0.4359997808933258,
      "temperature_5": 0.33650141954421997,
      "temperature_6": 0.37948358058929443,
      "temperature_7": 0.37195542454719543,
      "temperature_8": 0.2752349078655243,
      "specific_humidity_0_dex": 0.900277853012085,
      "specific_humidity_1_dex": 0.8804162740707397,
      "specific_humidity_2_dex": 0.8417375087738037,
      "specific_humidity_3_dex": 0.8023667931556702,
      "specific_humidity_4_dex": 0.791719377040863,
      "specific_humidity_5_dex": 0.8041220307350159,
      "specific_humidity_6_dex": 0.7894636392593384,
      "specific_humidity_7_dex": 0.7297813296318054,
      "specific_humidity_8_dex": 0.37932997941970825,
      "asr": 0.991318941116333,
      "olr": 0.8320040106773376,
      "cloud_fraction_0": 0.6105049252510071,
      "cloud_fraction_1": 0.6413471102714539,
      "cloud_fraction_2": 0.7226199507713318,
      "cloud_fraction_3": 0.7948976755142212,
      "cloud_fraction_4": 0.8204130530357361,
      "cloud_fraction_5": 0.8131160736083984,
      "cloud_fraction_6": 0.7704732418060303,
      "cloud_fraction_7": 0.670325756072998,
      "cloud_fraction_8": 0.37605616450309753,
      "u_0": 0.8126817345619202,
      "u_1": 0.7538790702819824,
      "u_2": 0.6873201131820679,
      "u_3": 0.6625604033470154,
      "u_4": 0.6191794276237488,
      "u_5": 0.610651969909668,
      "u_6": 0.6148449182510376,
      "u_7": 0.47509217262268066,
      "u_8": 0.3786468505859375,
      "v_0": 0.7620073556900024,
      "v_1": 0.7023171782493591,
      "v_2": 0.6247529983520508,
      "v_3": 0.6017336845397949,
      "v_4": 0.6885842084884644,
      "v_5": 0.7014584541320801,
      "v_6": 0.6179769039154053,
      "v_7": 0.5399213433265686,
      "v_8": 0.27643775939941406
    },
    "per_variable": {
      "surface_temperature": 0.927396833896637,
      "temperature": 0.5542803704738617,
      "specific_humidity_dex": 0.768801642788781,
      "cloud_fraction": 0.6910837723149194,
      "u": 0.6238729622628953,
      "v": 0.6127988762325711,
      "asr": 0.991318941116333,
      "olr": 0.8320040106773376
    }
  }
}
